id,name,type,code,scode,Filename,codeNumber
way/48001666,Avenida D,Ciclofaixa,376,000,abreu.csv,376
way/171854564,Avenida D,Ciclofaixa,376,000,abreu.csv,376
way/171854986,Avenida D,Ciclofaixa,376,000,abreu.csv,376
way/171854987,Avenida D,Ciclofaixa,376,000,abreu.csv,376
way/400041239,Avenida D,Ciclofaixa,376,000,abreu.csv,376
way/400041240,Avenida D,Ciclofaixa,376,000,abreu.csv,376
way/670345937,Avenida D,Ciclofaixa,376,000,abreu.csv,376
way/670345939,Avenida D,Ciclofaixa,376,000,abreu.csv,376
way/670345942,Avenida D,Ciclofaixa,376,000,abreu.csv,376
way/670345944,Avenida D,Ciclofaixa,376,000,abreu.csv,376
way/670345946,Avenida D,Ciclofaixa,376,000,abreu.csv,376
way/670345947,Avenida D,Ciclofaixa,376,000,abreu.csv,376
way/670642828,Avenida D,Ciclofaixa,376,000,abreu.csv,376
way/670642830,Avenida D,Ciclofaixa,376,000,abreu.csv,376
way/670642832,Avenida D,Ciclofaixa,376,000,abreu.csv,376
way/670642834,Avenida D,Ciclofaixa,376,000,abreu.csv,376
way/670642836,Avenida D,Ciclofaixa,376,000,abreu.csv,376
way/670642838,Avenida D,Ciclofaixa,376,000,abreu.csv,376
way/670642840,Avenida D,Ciclofaixa,376,000,abreu.csv,376
way/670642842,Avenida D,Ciclofaixa,376,000,abreu.csv,376
way/670642844,Avenida D,Ciclofaixa,376,000,abreu.csv,376
way/670642846,Avenida D,Ciclofaixa,376,000,abreu.csv,376
way/670642848,Avenida D,Ciclofaixa,376,000,abreu.csv,376
way/670642849,Avenida D,Ciclofaixa,376,000,abreu.csv,376
way/1183566163,Avenida D,Calçada compartilhada,376,000,abreu.csv,376
way/1265657171,,Ciclovia,374,373,abreu.csv,374
way/94749558,Rua das Acácias,Ciclofaixa,181,000,cabo.csv,181
way/94749583,Avenida Vereador Lúcio Fernando Monteiro Pereira,Ciclofaixa,181,000,cabo.csv,181
way/104073044,Avenida Isaac Gomes da Costa,Ciclofaixa,180,000,cabo.csv,180
way/179536340,Avenida Historiador Pereira da Costa,Ciclofaixa,188,000,cabo.csv,188
way/179536780,Rua Tenente Manuel Barbosa da Silva,Ciclofaixa,189,000,cabo.csv,189
way/183655524,PE-024,Ciclofaixa,180,000,cabo.csv,180
way/183655718,PE-024,Ciclofaixa,180,000,cabo.csv,180
way/183656231,PE-024,Ciclofaixa,180,000,cabo.csv,180
way/183656481,PE-024,Ciclofaixa,180,000,cabo.csv,180
way/222807348,Avenida Vereador Lúcio Fernando Monteiro Pereira,Ciclofaixa,181,000,cabo.csv,181
way/240273094,PE-024,Ciclofaixa,180,000,cabo.csv,180
way/312277585,Ciclovia do Paiva,Ciclovia,178,000,cabo.csv,178
way/312277587,Ponte do Paiva,Ciclovia,177,000,cabo.csv,177
way/336009721,,Ciclofaixa,189,000,cabo.csv,189
way/355556206,Avenida Presidente Getulio Vargas,Ciclofaixa,189,000,cabo.csv,189
way/355556210,Avenida Presidente Getulio Vargas,Ciclofaixa,189,000,cabo.csv,189
way/440484169,Avenida Vereador Lúcio Fernando Monteiro Pereira,Ciclofaixa,181,000,cabo.csv,181
way/440484170,PE-024,Ciclofaixa,180,000,cabo.csv,180
way/627918647,Calçadão da Vila Social,Calçada compartilhada,185,186,cabo.csv,185
way/627918648,Calçadão da Vila Roca,Calçada compartilhada,184,000,cabo.csv,184
way/654819531,,Calçada compartilhada,184,000,cabo.csv,184
way/654819532,,Calçada compartilhada,184,000,cabo.csv,184
way/654819533,,Calçada compartilhada,184,000,cabo.csv,184
way/654819535,,Calçada compartilhada,184,000,cabo.csv,184
way/665465661,Ponte do Paiva,Ciclovia,177,000,cabo.csv,177
way/683175221,Avenida Vereador Lúcio Fernando Monteiro Pereira,Ciclofaixa,181,000,cabo.csv,181
way/696784721,PE-024,Ciclofaixa,180,000,cabo.csv,180
way/753056368,Avenida Isaac Gomes da Costa,Ciclofaixa,180,000,cabo.csv,180
way/753056877,PE-024,Ciclofaixa,180,000,cabo.csv,180
way/753056878,PE-024,Ciclofaixa,180,000,cabo.csv,180
way/753056879,Avenida Isaac Gomes da Costa,Ciclofaixa,180,000,cabo.csv,180
way/753056880,Avenida Isaac Gomes da Costa,Ciclofaixa,180,000,cabo.csv,180
way/778535338,Avenida Vereador Lúcio Fernando Monteiro Pereira,Ciclofaixa,181,000,cabo.csv,181
way/778535340,Avenida Vereador Lúcio Fernando Monteiro Pereira,Ciclofaixa,181,000,cabo.csv,181
way/778535341,Avenida Vereador Lúcio Fernando Monteiro Pereira,Ciclofaixa,181,000,cabo.csv,181
way/788567371,Ciclovia Praça de Gaibu,Ciclovia,183,000,cabo.csv,183
way/788567372,Ciclovia Praça de Gaibu,Ciclovia,183,000,cabo.csv,183
way/788567375,Ciclovia Praça de Gaibu,Ciclovia,183,000,cabo.csv,183
way/788567378,Ciclovia Praça de Gaibu,Ciclovia,183,000,cabo.csv,183
way/790740468,PE-024,Ciclofaixa,180,000,cabo.csv,180
way/790740469,Avenida Isaac Gomes da Costa,Ciclofaixa,180,000,cabo.csv,180
way/791084170,PE-060,Ciclovia,190,191,cabo.csv,190
way/791084171,PE-060,Ciclovia,190,191,cabo.csv,190
way/791084172,PE-060,Ciclovia,190,191,cabo.csv,190
way/791084173,PE-060,Ciclovia,190,191,cabo.csv,190
way/791084177,PE-060,Ciclovia,190,191,cabo.csv,190
way/867487196,,Calçada compartilhada,184,000,cabo.csv,184
way/902148281,Avenida Vereador Lúcio Fernando Monteiro Pereira,Ciclofaixa,181,000,cabo.csv,181
way/902148282,Avenida Vereador Lúcio Fernando Monteiro Pereira,Ciclofaixa,181,000,cabo.csv,181
way/902148283,Avenida Vereador Lúcio Fernando Monteiro Pereira,Ciclofaixa,181,000,cabo.csv,181
way/902148284,Avenida Vereador Lúcio Fernando Monteiro Pereira,Ciclofaixa,181,000,cabo.csv,181
way/907811162,Avenida Presidente Getulio Vargas,Ciclofaixa,189,000,cabo.csv,189
way/994960939,Ciclovia do Paiva,Ciclovia,178,000,cabo.csv,178
way/1046350036,Avenida Isaac Gomes da Costa,Ciclofaixa,180,000,cabo.csv,180
way/1046350037,Avenida Isaac Gomes da Costa,Ciclofaixa,180,000,cabo.csv,180
way/1046350038,PE-024,Ciclofaixa,180,000,cabo.csv,180
way/1240293756,Avenida Isaac Gomes da Costa,Ciclofaixa,180,000,cabo.csv,180
way/1240293757,Avenida Isaac Gomes da Costa,Ciclofaixa,180,000,cabo.csv,180
way/1240293758,Avenida Isaac Gomes da Costa,Ciclofaixa,180,000,cabo.csv,180
way/1240293759,Avenida Isaac Gomes da Costa,Ciclofaixa,180,000,cabo.csv,180
way/1240293760,Avenida Isaac Gomes da Costa,Ciclofaixa,180,000,cabo.csv,180
way/1298178289,,Ciclofaixa,181,000,cabo.csv,181
way/1298188775,,Ciclovia,184,000,cabo.csv,184
way/1298188776,Calçadão do Estudante,Calçada compartilhada,187,000,cabo.csv,187
way/1298192373,,Calçada compartilhada,183,000,cabo.csv,183
way/573609258,Ramal Arena Pernambuco,Ciclofaixa,145,146,camaragibe.csv,145
way/637642165,Rua Padre Ozeas Cavalcante,Ciclofaixa,142,143,camaragibe.csv,142
way/637642167,Rua Manoel Honorato da Costa,Ciclofaixa,142,143,camaragibe.csv,142
way/757376864,Rua Manoel Honorato da Costa,Ciclofaixa,142,143,camaragibe.csv,142
way/968918277,Rua Manoel Honorato da Costa,Ciclofaixa,142,143,camaragibe.csv,142
way/968918278,Rua Manoel Honorato da Costa,Ciclofaixa,142,143,camaragibe.csv,142
way/990987044,Rua Manoel Honorato da Costa,Ciclofaixa,142,143,camaragibe.csv,142
way/23393273,Avenida Manoel Gomes da Silva,Ciclofaixa,220,221,ipojuca.csv,220
way/189139471,Rua Mario Julio do Rego,Ciclofaixa,220,221,ipojuca.csv,220
way/189139479,Rua Silvino Alves da Silva,Ciclofaixa,220,221,ipojuca.csv,220
way/189139487,,Ciclofaixa,220,221,ipojuca.csv,220
way/189139488,Rua Cristovão de Souza Leão,Ciclofaixa,220,221,ipojuca.csv,220
way/337236701,Ciclovia de Porto de Galinhas,Ciclovia,223,224,ipojuca.csv,223
way/337243583,Ciclovia de Porto de Galinhas,Ciclovia,223,224,ipojuca.csv,223
way/337243584,Ciclovia de Porto de Galinhas,Ciclovia,223,224,ipojuca.csv,223
way/364084408,Travessa Cristóvão de Souza Leão,Ciclofaixa,220,221,ipojuca.csv,220
way/488151048,Avenida Califórnia,Ciclofaixa,236,237,ipojuca.csv,236
way/547542955,Rua Cristóvão Souza Leão,Ciclofaixa,220,221,ipojuca.csv,220
way/548908039,Avenida Califórnia,Ciclofaixa,236,237,ipojuca.csv,236
way/548908047,Avenida Califórnia,Ciclofaixa,236,237,ipojuca.csv,236
way/578918239,Ciclovia de Maracaípe,Ciclovia,230,231,ipojuca.csv,230
way/578918242,Ciclovia de Maracaípe,Ciclovia,230,231,ipojuca.csv,230
way/578927420,Ciclovia de Maracaípe,Ciclovia,228,229,ipojuca.csv,228
way/578927422,Ciclovia de Maracaípe,Ciclovia,228,229,ipojuca.csv,228
way/579591599,Ciclovia da PE-09,Ciclovia,232,233,ipojuca.csv,232
way/579591600,Ciclovia da PE-09,Ciclovia,232,233,ipojuca.csv,232
way/579591601,Ciclovia da PE-09,Ciclovia,232,233,ipojuca.csv,232
way/579591612,Ciclovia da PE-09,Ciclovia,232,233,ipojuca.csv,232
way/1302726895,Rua do Colégio,Ciclofaixa,220,221,ipojuca.csv,220
way/138285434,Avenida Visconde de Jequitinhonha,Ciclorrota,343,000,jaboatão.csv,343
way/151430876,Rua do Canal,Ciclofaixa,334,000,jaboatão.csv,334
way/223042934,Avenida Ayrton Senna da Silva,Ciclorrota,332,000,jaboatão.csv,332
way/312277586,,Ciclovia,340,000,jaboatão.csv,340
way/312277587,,Ciclovia,341,000,jaboatão.csv,341
way/539853387,,Ciclovia,343,000,jaboatão.csv,343
way/539853387,,Ciclovia,343,000,jaboatão.csv,343
way/700390732,Ciclovia do Canal,Ciclovia,334,000,jaboatão.csv,334
way/901242726,Avenida Júlio César,Ciclofaixa,331,000,jaboatão.csv,331
way/923503945,,Ciclovia,333,000,jaboatão.csv,333
way/923503946,Ciclorrota - Piedade/Paiva,Ciclovia,339,000,jaboatão.csv,339
way/923503947,Ciclorrota - Piedade/Paiva,Ciclovia,340,000,jaboatão.csv,340
way/923503948,Ciclorrota - Piedade/Paiva,Ciclovia,339,000,jaboatão.csv,339
way/964422137,Avenida Boa Viagem,Ciclovia,343,000,jaboatão.csv,343
way/1023440152,Ciclorrota - Piedade/Paiva,Ciclovia,337,000,jaboatão.csv,337
way/1104436091,,Ciclovia,343,000,jaboatão.csv,343
way/1104436581,,Ciclovia,343,000,jaboatão.csv,343
way/1104827989,Ciclovia Beira Mar,Ciclovia,342,000,jaboatão.csv,342
way/1183732783,Ciclorrota - Piedade/Paiva,Ciclovia,339,000,jaboatão.csv,339
way/1183732785,Ciclorrota - Piedade/Paiva,Ciclovia,339,000,jaboatão.csv,339
way/1183750768,Avenida Boa Viagem,Ciclovia,317,000,jaboatão.csv,317
way/1183750778,,Ciclovia,333,000,jaboatão.csv,333
way/1184098652,Ciclorrota - Piedade/Paiva,Ciclovia,340,000,jaboatão.csv,340
way/1192737180,,Ciclovia,333,000,jaboatão.csv,333
way/359248059,Avenida Beira Mar,Ciclovia,372,371,olinda.csv,372
way/627213636,,Ciclovia,372,000,olinda.csv,372
way/627213638,,Ciclovia,372,000,olinda.csv,372
way/690508636,Ciclovia Camilo Simões,Ciclovia,370,000,olinda.csv,370
way/690508640,Ciclovia Camilo Simões,Ciclovia,368,000,olinda.csv,368
way/690508643,Ciclovia Camilo Simões,Ciclovia,367,000,olinda.csv,367
way/700750679,Ciclovia Camilo Simões,Ciclovia,367,000,olinda.csv,367
way/700750680,Ciclovia Camilo Simões,Ciclovia,367,000,olinda.csv,367
way/762906977,Ciclovia Camilo Simões,Ciclovia,368,000,olinda.csv,368
way/762906978,Ciclovia Camilo Simões,Ciclovia,369,000,olinda.csv,369
way/762906979,Ciclovia Camilo Simões,Ciclovia,370,000,olinda.csv,370
way/966301854,Avenida Beira Mar,Ciclovia,372,371,olinda.csv,372
way/1183583039,Avenida Beira Mar,Ciclovia,372,371,olinda.csv,372
way/1183969262,Ciclovia Camilo Simões,Ciclovia,368,000,olinda.csv,368
way/1265657166,,Ciclovia,374,373,olinda.csv,374
way/171708835,Ciclovia da PE-15,Ciclovia,374,373,paulista.csv,374
way/171710214,Ciclovia da PE-15,Ciclovia,374,373,paulista.csv,374
way/591658502,Ciclovia da PE-15,Ciclovia,374,373,paulista.csv,374
way/591658530,Ciclovia da PE-15,Ciclovia,374,373,paulista.csv,374
way/591658538,Ciclovia da PE-15,Ciclovia,374,373,paulista.csv,374
way/591658550,Ciclovia da PE-15,Ciclovia,374,373,paulista.csv,374
way/591658553,Ciclovia da PE-15,Ciclovia,374,373,paulista.csv,374
way/778292930,Ciclovia da PE-15,Ciclovia,374,373,paulista.csv,374
way/966852598,Ciclovia da PE-15,Ciclovia,374,373,paulista.csv,374
way/1265657166,PE-060,Ciclovia,374,373,paulista.csv,374
way/1265657167,Ciclovia da PE-15,Ciclovia,374,373,paulista.csv,374
way/1265657168,,Ciclovia,374,373,paulista.csv,374
way/1265657169,Ciclovia da PE-15,Ciclovia,374,373,paulista.csv,374
way/1265657171,,Ciclovia,374,373,paulista.csv,374
way/186977811,Rua Manoel Estevão da Costa,Ciclofaixa,103,000,recife.csv,103
way/42509040,Rua Delmiro Gouveia,Ciclofaixa,002,003,recife.csv,2
way/42509291,Rua Ministro João Alberto,Ciclorrota,057,000,recife.csv,57
way/42509471,Rua Gomes Taborda,Ciclorrota,010,000,recife.csv,10
way/44118743,Avenida Inácio Monteiro,Ciclofaixa,009,000,recife.csv,9
way/44814745,Rua Marquês de Maricá,Ciclofaixa,021,000,recife.csv,21
way/51816219,Ponte Velha,Ciclofaixa,235,000,recife.csv,235
way/51878744,Rua Monte Castelo,Ciclofaixa,253,000,recife.csv,253
way/54239687,Rua Velha,Ciclofaixa,217,000,recife.csv,217
way/75033825,Rua Conselheiro Teodoro,Ciclorrota,031,000,recife.csv,31
way/85378262,Rua João Cardoso Aires,Ciclofaixa,074,075,recife.csv,74
way/85529937,Rua Paissandú,Ciclofaixa,214,000,recife.csv,214
way/85683720,Rua Marcos André,Ciclofaixa,041,000,recife.csv,41
way/85683725,Rua Marcos André,Ciclorrota,042,000,recife.csv,42
way/85697360,Avenida João de Barros,Ciclofaixa,175,000,recife.csv,175
way/85697891,Rua Marquês do Paraná,Ciclofaixa,265,000,recife.csv,265
way/85711372,Rua Marechal Deodoro,Ciclorrota,355,000,recife.csv,355
way/85711373,Rua Antônio Rangel,Ciclofaixa,352,000,recife.csv,352
way/85741105,Rua Marechal Deodoro,Ciclofaixa,265,000,recife.csv,265
way/87777346,Rua Copacabana,Ciclorrota,066,067,recife.csv,66
way/87788711,Praça da República,Ciclofaixa,238,000,recife.csv,238
way/89381805,Rua Antônio Falcão,Ciclofaixa,037,000,recife.csv,37
way/96771433,Rua José Veloso,Ciclorrota,013,000,recife.csv,13
way/102738749,Rua Antônio Falcão,Ciclofaixa,037,000,recife.csv,37
way/103595421,Rua Delmiro Gouveia,Ciclofaixa,002,003,recife.csv,2
way/103725546,Avenida Mário Álvares Pereira de Lira,Ciclofaixa,109,000,recife.csv,109
way/105053856,Rua Itanagé,Ciclofaixa,120,121,recife.csv,120
way/114690719,Rua Quitério Inácio de Melo,Ciclofaixa,206,000,recife.csv,206
way/114690720,Rua Carlos Gomes,Ciclorrota,010,000,recife.csv,10
way/128124232,Rua Artur Lima Cavalcante,Ciclofaixa,240,000,recife.csv,240
way/128124535,Avenida Doutor Jayme da Fonte,Ciclofaixa,240,000,recife.csv,240
way/128147792,Rua da Aurora,Ciclofaixa,098,000,recife.csv,98
way/128149273,Rua da Fundição,Ciclorrota,285,000,recife.csv,285
way/128149580,Rua da Saudade,Ciclorrota,171,000,recife.csv,171
way/128149581,Rua da Saudade,Ciclofaixa,172,000,recife.csv,172
way/128149773,Rua do Riachuelo,Ciclorrota,101,000,recife.csv,101
way/128149799,Rua do Riachuelo,Ciclofaixa,100,000,recife.csv,100
way/128149928,Rua Doutor Leopoldo Lins,Ciclofaixa,250,000,recife.csv,250
way/128158633,Avenida Montevidéu,Ciclofaixa,252,000,recife.csv,252
way/128159199,Avenida Governador Agamenon Magalhães,Ciclofaixa,256,000,recife.csv,256
way/128159481,Avenida Governador Agamenon Magalhães,Ciclofaixa,268,269,recife.csv,268
way/128159586,Avenida Governador Agamenon Magalhães,Ciclofaixa,268,269,recife.csv,268
way/128159820,Rua Doutor Leopoldo Lins,Ciclofaixa,250,000,recife.csv,250
way/128159824,Avenida Montevidéu,Ciclofaixa,252,000,recife.csv,252
way/128163519,Rua Primeiro de Março,Ciclofaixa,170,000,recife.csv,170
way/128164381,Avenida Agamenon Magalhães - Pista Local,Ciclofaixa,348,000,recife.csv,348
way/128164383,Rua Othon Paraíso,Ciclofaixa,349,000,recife.csv,349
way/128216048,Avenida Oliveira Lima,Ciclofaixa,100,000,recife.csv,100
way/128217716,Avenida Agamenon Magalhães - Pista Local,Ciclofaixa,348,000,recife.csv,348
way/128219448,Rua Othon Paraíso,Ciclofaixa,350,000,recife.csv,350
way/128379804,Travessa do Cais da Detenção,Ciclofaixa,235,000,recife.csv,235
way/128382359,Rua do Hospício,Ciclofaixa,167,000,recife.csv,167
way/128683793,Avenida João de Barros,Ciclofaixa,175,000,recife.csv,175
way/128844077,Ponte Gregório Bezerra,Ciclovia,322,000,recife.csv,322
way/128844078,Avenida Beira Rio,Ciclofaixa,322,000,recife.csv,322
way/128844079,Avenida Desembargador Guerra Barreto,Ciclofaixa,366,000,recife.csv,366
way/128844080,Avenida Desembargador Guerra Barreto,Ciclofaixa,366,000,recife.csv,366
way/128845698,Avenida Beira Rio,Ciclofaixa,321,000,recife.csv,321
way/128929125,Rua Nova,Ciclofaixa,169,000,recife.csv,169
way/128931109,Rua Doutor José Mariano,Ciclofaixa,218,000,recife.csv,218
way/129087732,Avenida Cruz Cabugá,Ciclofaixa,165,000,recife.csv,165
way/129089855,Praça da República,Ciclofaixa,238,000,recife.csv,238
way/129178018,Rua Estado de Israel,Ciclorrota,212,000,recife.csv,212
way/129178081,Praça Miguel de Cervantes,Ciclofaixa,213,000,recife.csv,213
way/129180251,Rua Antônio Gomes de Freitas,Ciclofaixa,213,000,recife.csv,213
way/129182045,Rua Dom Bosco,Ciclorrota,215,000,recife.csv,215
way/129483340,Rua Antônio Falcão,Ciclofaixa,037,000,recife.csv,37
way/129484189,Rua Jean Émile Favre,Ciclofaixa,020,000,recife.csv,20
way/129727073,Rua José de Alencar,Ciclofaixa,210,000,recife.csv,210
way/129727225,Rua Visconde de Goiana,Ciclorrota,215,000,recife.csv,215
way/129727280,Rua José de Alencar,Ciclofaixa,209,000,recife.csv,209
way/129727281,Rua José de Alencar,Ciclofaixa,210,000,recife.csv,210
way/129727282,Rua José de Alencar,Ciclofaixa,209,000,recife.csv,209
way/130491810,Rua Padre Inglês,Ciclofaixa,254,000,recife.csv,254
way/130888047,Avenida Luiz de Lacerda,Ciclofaixa,061,000,recife.csv,61
way/130892107,Avenida Maurício de Nassau,Ciclofaixa,051,000,recife.csv,51
way/130892706,Rua Lindolfo Color,Ciclofaixa,294,295,recife.csv,294
way/130893508,Rua Lindolfo Color,Ciclorrota,006,000,recife.csv,6
way/130893509,Rua Gomes Taborda,Ciclorrota,010,000,recife.csv,10
way/130893510,Rua Gomes Taborda,Ciclorrota,010,000,recife.csv,10
way/130894159,Avenida do Forte,Ciclofaixa,005,000,recife.csv,5
way/130894160,Avenida do Forte,Ciclofaixa,004,000,recife.csv,4
way/130894161,Avenida do Forte,Ciclofaixa,002,003,recife.csv,2
way/130921222,Rua Carlos Gomes,Ciclofaixa,014,000,recife.csv,14
way/130921226,Rua Carlos Gomes,Ciclorrota,010,000,recife.csv,10
way/130921681,Rua Vinte e Um de Abril,Ciclorrota,002,000,recife.csv,2
way/130921781,Avenida João Cabral de Melo Neto,Ciclofaixa,203,000,recife.csv,203
way/130922739,Praça Professor Campelo Barreto,Ciclofaixa,021,000,recife.csv,21
way/130923581,Rua Félix de Brito Melo,Ciclorrota,045,000,recife.csv,45
way/130923582,Rua Félix de Brito Melo,Ciclorrota,045,000,recife.csv,45
way/131144626,Rua Professor Estevão Francisco da Costa,Ciclofaixa,034,000,recife.csv,34
way/131144672,Rua Odete Monteiro,Ciclofaixa,051,000,recife.csv,51
way/131144673,Rua Dianópolis,Ciclofaixa,021,000,recife.csv,21
way/131144677,Rua Marquês de Maricá,Ciclofaixa,021,000,recife.csv,21
way/131144911,Rua Dez de Novembro,Ciclofaixa,027,000,recife.csv,27
way/131144912,Rua Tomaz Gonzaga,Ciclofaixa,027,000,recife.csv,27
way/131144914,Rua Souza Bandeira,Ciclofaixa,023,000,recife.csv,23
way/131145453,Rua Doutor João Lacerda,Ciclofaixa,051,000,recife.csv,51
way/131146131,Praça Professor Campelo Barreto,Ciclofaixa,029,000,recife.csv,29
way/131147884,Rua Carandaí,Ciclorrota,036,000,recife.csv,36
way/131147885,Rua Fernando Fink Filho,Ciclorrota,036,000,recife.csv,36
way/131147889,Avenida Professor Estevão Francisco da Costa,Ciclorrota,034,000,recife.csv,34
way/131150440,Rua Joaquim Felipe,Ciclofaixa,249,000,recife.csv,249
way/131280442,Rua Marcos André,Ciclofaixa,041,000,recife.csv,41
way/131336790,Rua Marcos André,Ciclofaixa,039,000,recife.csv,39
way/131336791,Rua Real da Torre,Ciclofaixa,039,000,recife.csv,39
way/131350718,Rua Pio IX,Ciclorrota,038,000,recife.csv,38
way/132047861,Rua Treze de Maio,Ciclofaixa,314,259,recife.csv,314
way/132047862,Rua Bispo Cardoso Ayres,Ciclofaixa,236,000,recife.csv,236
way/132049149,Rua Doutor Leopoldo Lins,Ciclofaixa,250,000,recife.csv,250
way/132049184,Rua dos Palmares,Ciclofaixa,174,000,recife.csv,174
way/132049185,Rua Doutor Carlos Chagas,Ciclofaixa,174,000,recife.csv,174
way/132050435,Rua do Veiga,Ciclofaixa,281,000,recife.csv,281
way/132055101,Rua Barros Barreto,Ciclorrota,279,000,recife.csv,279
way/132398668,Rua Alegre,Ciclofaixa,304,305,recife.csv,304
way/132399063,Rua São Bento,Ciclofaixa,304,305,recife.csv,304
way/133334512,Rua Doutor José Maria,Ciclofaixa,359,000,recife.csv,359
way/133334859,Rua Amélia,Ciclofaixa,019,000,recife.csv,19
way/133334910,Rua Amélia,Ciclofaixa,019,000,recife.csv,19
way/133335251,Rua Alberto Paiva,Ciclofaixa,262,000,recife.csv,262
way/133335857,Rua Esmeraldino Bandeira,Ciclofaixa,200,000,recife.csv,200
way/133438804,Rua Frei Cassimiro,Ciclofaixa,258,000,recife.csv,258
way/133438945,Rua Frei Cassimiro,Ciclofaixa,257,000,recife.csv,257
way/133439040,Rua Tupinambás,Ciclorrota,280,000,recife.csv,280
way/133439341,Rua Barros Barreto,Ciclorrota,279,000,recife.csv,279
way/134170997,Rua General Abreu e Lima,Ciclofaixa,358,000,recife.csv,358
way/134171002,Rua General Abreu e Lima,Ciclofaixa,358,000,recife.csv,358
way/134171262,Rua Neto de Mendonça,Ciclofaixa,361,000,recife.csv,361
way/134171334,Rua do Futuro,Ciclofaixa,050,000,recife.csv,50
way/134171336,Rua do Futuro,Ciclofaixa,050,064,recife.csv,50
way/134174589,Rua Simão Mendes,Ciclofaixa,360,000,recife.csv,360
way/134179606,Estrada do Arraial,Ciclofaixa,160,000,recife.csv,160
way/134470698,Rua Bruno Veloso,Ciclofaixa,090,091,recife.csv,90
way/134495018,Rua Feliciano José de Farias,Ciclorrota,079,080,recife.csv,79
way/135138776,Estrada Velha de Água Fria,Ciclofaixa,304,305,recife.csv,304
way/135143529,Avenida Professor José dos Anjos,Ciclofaixa,159,000,recife.csv,159
way/135722592,Rua Paulo de Arruda,Ciclorrota,355,000,recife.csv,355
way/135722594,Rua Paulo de Arruda,Ciclorrota,355,000,recife.csv,355
way/135932504,Rua Antônio Rangel,Ciclofaixa,352,000,recife.csv,352
way/136116572,Rua José Domingues da Silva,Ciclorrota,079,080,recife.csv,79
way/136121284,Rua São Nicolau,Ciclofaixa,126,127,recife.csv,126
way/136121285,Avenida Dom Hélder Câmara,Ciclofaixa,130,131,recife.csv,130
way/136121287,Rua Pintor Antônio Albuquerque,Ciclorrota,122,123,recife.csv,122
way/136121288,Rua Itanagé,Ciclorrota,122,123,recife.csv,122
way/136121484,Rua Virgínia Heráclio,Ciclofaixa,124,125,recife.csv,124
way/136121781,Rua Potengy,Ciclofaixa,120,121,recife.csv,120
way/136121782,Rua Blumenau,Ciclofaixa,120,121,recife.csv,120
way/136122179,Rua São Nicolau,Ciclofaixa,126,127,recife.csv,126
way/136667786,Avenida Afonso Olindense,Ciclofaixa,302,303,recife.csv,302
way/136953957,Rua Arquiteto Luís Nunes,Ciclofaixa,020,000,recife.csv,20
way/136953958,Rua Arquiteto Luís Nunes,Ciclofaixa,020,000,recife.csv,20
way/136953959,Rua Arquiteto Luíz Nunes,Ciclofaixa,020,000,recife.csv,20
way/136954054,Rua Arquiteto Luíz Nunes,Ciclofaixa,020,000,recife.csv,20
way/136954063,Rua Arquiteto Luíz Nunes,Ciclofaixa,020,000,recife.csv,20
way/136954064,Rua Arquiteto Luíz Nunes,Ciclofaixa,020,000,recife.csv,20
way/136954066,Rua Arquiteto Luíz Nunes,Ciclofaixa,020,000,recife.csv,20
way/136954200,Rua Paris,Ciclofaixa,020,000,recife.csv,20
way/136954201,Rua Arquiteto Luíz Nunes,Ciclofaixa,020,000,recife.csv,20
way/137062738,Avenida Prefeito Lima Castro,Ciclofaixa,325,000,recife.csv,325
way/137364482,Avenida Mário Álvares Pereira de Lyra,Ciclofaixa,108,000,recife.csv,108
way/137746675,Rua Ricardo Salazar,Ciclorrota,011,000,recife.csv,11
way/137746686,Rua Ricardo Salazar,Ciclorrota,011,000,recife.csv,11
way/137746917,Rua Carlos Gomes,Ciclorrota,010,000,recife.csv,10
way/137746919,Rua Carlos Gomes,Ciclorrota,010,000,recife.csv,10
way/137747160,Praça da Rua João Crescêncio,Ciclorrota,011,000,recife.csv,11
way/138285434,Avenida Visconde de Jequitinhonha,Ciclorrota,072,073,recife.csv,72
way/138285446,Avenida Visconde de Jequitinhonha,Ciclorrota,081,082,recife.csv,81
way/138285453,Avenida Visconde de Jequitinhonha,Ciclorrota,081,082,recife.csv,81
way/139040203,Rua Marechal Deodoro,Ciclofaixa,351,000,recife.csv,351
way/140092783,Avenida João Cabral de Melo Neto,Ciclofaixa,203,000,recife.csv,203
way/140092785,Avenida João Cabral de Melo Neto,Ciclofaixa,203,000,recife.csv,203
way/140093042,Praça Salazar,Ciclofaixa,203,204,recife.csv,203
way/140478429,Rua da Coragem,Ciclofaixa,241,000,recife.csv,241
way/140478430,Rua Retiro Saudoso,Ciclorrota,243,000,recife.csv,243
way/140478431,Rua Carlos Fernandes,Ciclorrota,245,000,recife.csv,245
way/140478464,Rua Pedro Alves,Ciclofaixa,293,000,recife.csv,293
way/140478536,Rua Pedro Alves,Ciclorrota,293,000,recife.csv,293
way/140478537,Rua Pedro Alves,Ciclorrota,293,000,recife.csv,293
way/140479112,Rua Couto Magalhães,Ciclorrota,347,000,recife.csv,347
way/141711452,Rua Baltazar Passos,Ciclorrota,066,067,recife.csv,66
way/141711856,Avenida Vinte de Janeiro,Ciclorrota,066,067,recife.csv,66
way/141711861,Rua Baltazar Passos,Ciclorrota,066,067,recife.csv,66
way/141712575,Avenida Lino Jordão,Ciclofaixa,068,000,recife.csv,68
way/141724611,Rua Soldado Sinésio de Aragão,Ciclofaixa,033,000,recife.csv,33
way/141868412,Rua Camboim,Ciclorrota,066,067,recife.csv,66
way/141868413,Rua Camboim,Ciclorrota,066,067,recife.csv,66
way/141868494,Rua Waldemar Nery Carneiro Monteiro,Ciclorrota,066,067,recife.csv,66
way/141868688,Rua Cosmorama,Ciclofaixa,070,071,recife.csv,70
way/141868689,Rua Cosmorama,Ciclofaixa,070,071,recife.csv,70
way/141868697,Rua Cosmorama,Ciclofaixa,070,071,recife.csv,70
way/141871387,Rua Cosmorama,Ciclofaixa,070,071,recife.csv,70
way/141873584,Rua Copacabana,Ciclorrota,066,067,recife.csv,66
way/142229290,Rua da Regeneração,Ciclofaixa,304,305,recife.csv,304
way/142229454,Rua dos Craveiros,Ciclorrota,306,000,recife.csv,306
way/142333429,Rua Doutor Alberto Wanderley,Ciclorrota,306,307,recife.csv,306
way/142333444,Rua Doutor Alberto Wanderley,Ciclorrota,306,307,recife.csv,306
way/144180416,Avenida Sebastião Salazar,Ciclorrota,306,307,recife.csv,306
way/144180418,Rua Arão Butler,Ciclofaixa,308,309,recife.csv,308
way/144474968,Rua Marquês do Paraná,Ciclofaixa,265,000,recife.csv,265
way/144474970,Rua Marquês do Paraná,Ciclofaixa,265,000,recife.csv,265
way/144475524,Rua Doutor Fernando Allain,Ciclorrota,266,000,recife.csv,266
way/144479322,Rua José Paraíso,Ciclorrota,079,080,recife.csv,79
way/144479335,Rua Dona Uzinha Nunes,Ciclorrota,079,080,recife.csv,79
way/145218257,Rua Padre Lemos,Ciclofaixa,270,000,recife.csv,270
way/145218468,Rua Paula Batista,Ciclofaixa,197,000,recife.csv,197
way/145218469,Rua Paula Batista,Ciclofaixa,197,000,recife.csv,197
way/145218705,Estrada das Ubaias,Ciclofaixa,197,000,recife.csv,197
way/146629879,Rua Comendador Franco Ferreira,Ciclorrota,002,000,recife.csv,2
way/146631254,Rua Cônsul Vilares Fragoso,Ciclorrota,013,000,recife.csv,13
way/146631258,Rua Itapemirim,Ciclorrota,013,000,recife.csv,13
way/151153197,Avenida República Árabe Unida,Ciclofaixa,084,000,recife.csv,84
way/151161332,Rua Prudente de Morais,Ciclorrota,355,000,recife.csv,355
way/151161335,Rua Mem de Sá,Ciclofaixa,346,000,recife.csv,346
way/151161786,Rua Couto Magalhães,Ciclofaixa,356,000,recife.csv,356
way/151261445,Rua Madre Rosa Gattorno,Ciclofaixa,345,000,recife.csv,345
way/151261446,Rua Fonseca Oliveira,Ciclorrota,344,000,recife.csv,344
way/151271546,Rua Treze de Junho,Ciclofaixa,356,000,recife.csv,356
way/151272933,Avenida Beberibe,Ciclofaixa,304,305,recife.csv,304
way/151316749,Rua Itaimbé,Ciclorrota,118,119,recife.csv,118
way/151437922,Rua João Cardoso Aires,Ciclorrota,066,067,recife.csv,66
way/151437923,Rua João Cardoso Aires,Ciclofaixa,074,076,recife.csv,74
way/151676121,Avenida Pinheiros,Ciclofaixa,022,000,recife.csv,22
way/151676545,Rua Engenheiro José Brandão Cavalcante,Ciclofaixa,022,000,recife.csv,22
way/151676546,Rua Engenheiro José Brandão Cavalcante,Ciclofaixa,026,208,recife.csv,26
way/151966146,Avenida Visconde de Jequitinhonha,Ciclofaixa,072,073,recife.csv,72
way/152290834,Rua Amélia Xavier Sampaio,Ciclofaixa,022,000,recife.csv,22
way/152291289,Avenida José Ferreira Lins,Ciclofaixa,026,208,recife.csv,26
way/152291292,Rua José Nogueira,Ciclofaixa,026,208,recife.csv,26
way/152291293,Rua Nova Verona,Ciclofaixa,026,208,recife.csv,26
way/152291346,Avenida José Ferreira Lins,Ciclofaixa,026,208,recife.csv,26
way/152291349,Avenida José Ferreira Lins,Ciclofaixa,026,208,recife.csv,26
way/152291434,Avenida Engenheiro Alves Souza,Ciclofaixa,025,000,recife.csv,25
way/155512060,Rua Doutor Tavares Correia,Ciclorrota,028,000,recife.csv,28
way/155512063,Avenida Senador Robert Kennedy,Ciclorrota,028,000,recife.csv,28
way/155512064,Avenida Senador Robert Kennedy,Ciclorrota,028,000,recife.csv,28
way/157802065,Rua Dona Elvira,Ciclofaixa,353,000,recife.csv,353
way/159759923,Rua Professor Pedro Augusto,Ciclorrota,206,205,recife.csv,206
way/159761759,Rua Major Godofredo Luiz Pereira de Lima,Ciclorrota,206,205,recife.csv,206
way/161177696,Rua João Cardoso Aires,Ciclofaixa,074,075,recife.csv,74
way/161609739,Rua Conselheiro Teodoro,Ciclorrota,031,000,recife.csv,31
way/161613602,Avenida Maurício de Nassau,Ciclofaixa,051,000,recife.csv,51
way/161764468,Rua Jornalista Cleófas de Oliveira,Ciclofaixa,030,000,recife.csv,30
way/161784496,Rua Allan Kardec,Ciclofaixa,030,000,recife.csv,30
way/161784499,Rua Jalisco,Ciclofaixa,030,000,recife.csv,30
way/161784501,Rua Guadalajara,Ciclofaixa,030,000,recife.csv,30
way/161784502,Avenida Sul,Ciclofaixa,035,000,recife.csv,35
way/161795934,Avenida Brasília Formosa,Ciclofaixa,319,000,recife.csv,319
way/161795937,Rua do Jaú,Ciclorrota,318,000,recife.csv,318
way/161795946,Rua Comendador Morais,Ciclorrota,318,000,recife.csv,318
way/161831685,Rua Rio da Prata,Ciclovia,132,133,recife.csv,132
way/162647068,Avenida Sul,Ciclofaixa,033,000,recife.csv,33
way/162651294,Rua Jornalista Cleófas de Oliveira,Ciclofaixa,030,000,recife.csv,30
way/163774408,Avenida Senador Robert Kennedy,Ciclorrota,028,000,recife.csv,28
way/166080506,Rua Doutor Miguel Vieira Ferreira,Ciclorrota,006,000,recife.csv,6
way/172246559,Rua Compositor Vinícius de Morais,Ciclovia,310,311,recife.csv,310
way/174870096,Avenida Agamenon Magalhães - Pista Local,Ciclofaixa,242,000,recife.csv,242
way/174870303,Rua Professor Francisco da Trindade,Ciclofaixa,330,000,recife.csv,330
way/174870305,Rua Professor Francisco da Trindade,Ciclofaixa,330,000,recife.csv,330
way/174871099,Rua Hermílio Gomes,Ciclofaixa,329,000,recife.csv,329
way/186977356,Rua José dos Santos,Ciclofaixa,102,000,recife.csv,102
way/186977578,Rua Antônio Curado,Ciclofaixa,102,000,recife.csv,102
way/186977811,Rua Manoel Estevão da Costa,Ciclofaixa,102,000,recife.csv,102
way/191989770,Rua Vinte e Um de Abril,Ciclorrota,002,000,recife.csv,2
way/191989771,Rua Vinte e Um de Abril,Ciclorrota,002,000,recife.csv,2
way/192005246,Rua Comendador Franco Ferreira,Ciclorrota,002,000,recife.csv,2
way/195010589,Rua Emiliano Braga,Ciclofaixa,056,000,recife.csv,56
way/195010591,Rua General Polidoro,Ciclofaixa,056,000,recife.csv,56
way/197960452,Rua Jerônimo de Albuquerque,Ciclorrota,289,000,recife.csv,289
way/197960564,Rua de Casa Forte,Ciclorrota,290,000,recife.csv,290
way/197960569,Rua de Casa Forte,Ciclorrota,290,000,recife.csv,290
way/198058614,Rua da Harmonia,Ciclofaixa,286,000,recife.csv,286
way/198196114,Rua Silvino Lopes,Ciclorrota,291,000,recife.csv,291
way/198196286,Rua Doutor Samuel Lins,Ciclorrota,287,000,recife.csv,287
way/198246703,Rua Ambrósio Machado,Ciclofaixa,007,000,recife.csv,7
way/198246704,Rua Ambrósio Machado,Ciclofaixa,008,000,recife.csv,8
way/198968986,Rua do Bom Pastor,Ciclofaixa,103,000,recife.csv,103
way/198968987,Rua do Bom Pastor,Ciclofaixa,103,000,recife.csv,103
way/198968988,Rua Mauricéia,Ciclorrota,104,000,recife.csv,104
way/198989347,Rua Emiliano Braga,Ciclofaixa,106,000,recife.csv,106
way/198989505,Estrada do Barbalho,Ciclorrota,112,000,recife.csv,112
way/198989547,Rua São Mateus,Ciclofaixa,111,000,recife.csv,111
way/198990835,Rua Gaspar Perez,Ciclofaixa,105,000,recife.csv,105
way/199434199,Rua Paula Batista,Ciclofaixa,198,000,recife.csv,198
way/199434203,Rua Paula Batista,Ciclofaixa,198,000,recife.csv,198
way/199697128,Rua Xavantes,Ciclofaixa,272,273,recife.csv,272
way/199698447,Rua Pedro Allain,Ciclofaixa,271,000,recife.csv,271
way/199698617,Rua Pedro Allain,Ciclorrota,271,000,recife.csv,271
way/199699061,Rua Rev Antônio Queiroz,Ciclorrota,277,000,recife.csv,277
way/199703491,Rua Paula Batista,Ciclofaixa,198,000,recife.csv,198
way/199703493,Praça do Trabalho,Ciclofaixa,278,000,recife.csv,278
way/199706753,Rua Coronel João Batista do Rego Barros,Ciclorrota,195,000,recife.csv,195
way/199875826,Rua Doutora Antônia Dias,Ciclorrota,012,000,recife.csv,12
way/199879695,Rua Tamboril,Ciclorrota,012,000,recife.csv,12
way/199881222,Avenida Inácio Monteiro,Ciclofaixa,009,000,recife.csv,9
way/199881559,Avenida Inácio Monteiro,Ciclofaixa,009,000,recife.csv,9
way/199890276,Rua Professor Joaquim Xavier de Brito,Ciclofaixa,007,000,recife.csv,7
way/199890280,Rua Professor Joaquim Xavier de Brito,Ciclofaixa,008,000,recife.csv,8
way/200856096,Rua Padre Roma,Ciclofaixa,177,000,recife.csv,177
way/200856098,Rua Padre Roma,Ciclofaixa,177,000,recife.csv,177
way/200856105,Rua Padre Roma,Ciclofaixa,177,000,recife.csv,177
way/201513222,Estrada do Encanamento,Ciclofaixa,161,000,recife.csv,161
way/201513485,Estrada do Encanamento,Ciclofaixa,161,000,recife.csv,161
way/201513567,Estrada do Arraial,Ciclofaixa,160,000,recife.csv,160
way/201513568,Estrada do Arraial,Ciclofaixa,160,000,recife.csv,160
way/201513608,Estrada do Arraial,Ciclofaixa,160,000,recife.csv,160
way/202051331,Rua Fernando Fink Filho,Ciclorrota,036,000,recife.csv,36
way/202051332,Rua Fernando Fink Filho,Ciclorrota,036,000,recife.csv,36
way/202051912,Rua Professor Estevão Francisco da Costa,Ciclofaixa,034,000,recife.csv,34
way/202233890,Avenida Nossa Senhora da Saúde,Ciclofaixa,062,000,recife.csv,62
way/202233953,Avenida Nossa Senhora da Saúde,Ciclofaixa,062,000,recife.csv,62
way/202234462,Rua Leal de Barros,Ciclorrota,052,000,recife.csv,52
way/202234487,Rua Doutor José Anastacio da Silva Guimarães,Ciclorrota,052,000,recife.csv,52
way/202234499,Rua Doutor José Anastacio da Silva Guimarães,Ciclorrota,052,000,recife.csv,52
way/203054011,Rua General Vargas,Ciclofaixa,294,295,recife.csv,294
way/203054049,Rua General Vargas,Ciclofaixa,294,295,recife.csv,294
way/203054050,Rua General Vargas,Ciclofaixa,294,295,recife.csv,294
way/204066990,Rua Desembargador Oscar Coutinho,Ciclofaixa,114,000,recife.csv,114
way/204067608,Avenida Jornalista Possidonio Cavalcanti Bastos,Ciclofaixa,113,000,recife.csv,113
way/204067669,Rua Maria de Fátima Soares,Ciclorrota,052,000,recife.csv,52
way/204619792,Rua Acadêmico Hélio Ramos,Ciclorrota,053,000,recife.csv,53
way/204619823,Avenida Professor Luiz Freire,Ciclofaixa,297,296,recife.csv,297
way/206614710,Rua Emiliano Braga,Ciclofaixa,056,000,recife.csv,56
way/222816816,Avenida José Américo de Almeida,Ciclofaixa,193,000,recife.csv,193
way/222825609,Rua Visconde Mamanguape,Ciclofaixa,159,000,recife.csv,159
way/223088213,Rua Setúbal,Ciclorrota,081,082,recife.csv,81
way/223418529,Rua Visconde de Itaparica,Ciclorrota,036,000,recife.csv,36
way/223419656,Rua Marcos André,Ciclofaixa,039,000,recife.csv,39
way/223668611,Avenida Armindo Moura,Ciclofaixa,070,000,recife.csv,70
way/223668612,Avenida Armindo Moura,Ciclofaixa,070,000,recife.csv,70
way/224067520,Rua Cosmorama,Ciclofaixa,070,071,recife.csv,70
way/241530800,Estrada do Arraial,Ciclofaixa,160,000,recife.csv,160
way/241710312,Rua Ferreira Lopes,Ciclofaixa,199,000,recife.csv,199
way/242552660,Avenida Professor José dos Anjos,Ciclofaixa,158,000,recife.csv,158
way/242552960,Rua Jerônimo Vilela,Ciclofaixa,159,000,recife.csv,159
way/243358111,Rua do Pombal,Ciclofaixa,261,000,recife.csv,261
way/245877040,Via Parque das Graças,Ciclorrota,018,000,recife.csv,18
way/246172562,Rua Pio IX,Ciclorrota,038,000,recife.csv,38
way/247443467,Túnel Chico Science,Ciclovia,320,000,recife.csv,320
way/248065090,Rua Azeredo Coutinho,Ciclorrota,298,299,recife.csv,298
way/248083330,Rua Francisco Lacerda,Ciclorrota,298,299,recife.csv,298
way/250696581,Rua Doutora Antônia Dias,Ciclorrota,012,000,recife.csv,12
way/250696582,Rua Doutora Antônia Dias,Ciclorrota,012,000,recife.csv,12
way/251680266,Ponte da Torre,Ciclofaixa,046,044,recife.csv,46
way/255536652,Rua Urubici,Ciclofaixa,364,000,recife.csv,364
way/257938682,Rua Marcos André,Ciclofaixa,041,000,recife.csv,41
way/262267980,Rua da Aurora,Ciclofaixa,001,000,recife.csv,1
way/262267981,Rua da Aurora,Ciclofaixa,001,000,recife.csv,1
way/294900080,Rua Doutor Joaquim dos Santos Souto,Ciclorrota,325,000,recife.csv,325
way/305934826,Avenida Professor José dos Anjos,Ciclofaixa,159,000,recife.csv,159
way/305934846,Rua Marechal Deodoro,Ciclofaixa,265,000,recife.csv,265
way/306532474,Rua Arquiteto Luíz Nunes,Ciclofaixa,020,000,recife.csv,20
way/313482028,Praça do Trabalho,Ciclofaixa,278,000,recife.csv,278
way/314754232,Rua Ministro João Alberto,Ciclofaixa,058,000,recife.csv,58
way/314754239,Avenida Nossa Senhora da Saúde,Ciclofaixa,062,000,recife.csv,62
way/314754298,Rua Carlos Gomes,Ciclofaixa,014,000,recife.csv,14
way/314850308,Rua Padre Roma,Ciclofaixa,177,000,recife.csv,177
way/315073865,Avenida Governador Agamenon Magalhães,Ciclofaixa,176,000,recife.csv,176
way/315073914,Praça Miguel de Cervantes,Ciclofaixa,212,000,recife.csv,212
way/315669175,Rua Salvador de Sá,Ciclorrota,357,000,recife.csv,357
way/316156841,Rua Doutor José Mariano,Ciclorrota,219,000,recife.csv,219
way/316156842,Rua do Hospício,Ciclofaixa,167,000,recife.csv,167
way/316212658,Rua do Riachuelo,Ciclorrota,101,000,recife.csv,101
way/316307685,Rua Francisco Alves,Ciclofaixa,211,000,recife.csv,211
way/316587817,Rua do Futuro,Ciclofaixa,050,063,recife.csv,50
way/316609865,Estrada do Arraial,Ciclofaixa,160,000,recife.csv,160
way/316609895,Rua General Abreu e Lima,Ciclovia,362,000,recife.csv,362
way/316609908,Rua Mem de Sá,Ciclofaixa,346,000,recife.csv,346
way/316609909,Rua Mem de Sá,Ciclofaixa,346,000,recife.csv,346
way/316614634,Rua Marechal Deodoro,Ciclofaixa,355,000,recife.csv,355
way/316614635,Rua Marechal Deodoro,Ciclorrota,355,000,recife.csv,355
way/316614636,Rua Marechal Deodoro,Ciclofaixa,351,000,recife.csv,351
way/316614641,Avenida Agamenon Magalhães - Pista Local,Ciclofaixa,348,000,recife.csv,348
way/316676594,Rua Floriano Peixoto,Ciclofaixa,234,000,recife.csv,234
way/316707902,Avenida João de Barros,Ciclofaixa,248,000,recife.csv,248
way/316707912,Rua Bispo Cardoso Ayres,Ciclofaixa,236,000,recife.csv,236
way/316707918,Rua José de Alencar,Ciclofaixa,210,000,recife.csv,210
way/316707919,Rua João Fernandes Vieira,Ciclofaixa,100,000,recife.csv,100
way/316707920,Rua João Fernandes Vieira,Ciclofaixa,100,000,recife.csv,100
way/316707924,Rua Visconde de Goiana,Ciclorrota,215,000,recife.csv,215
way/316740710,Rua Gomes Taborda,Ciclorrota,010,000,recife.csv,10
way/316740718,Rua Gomes Taborda,Ciclorrota,010,000,recife.csv,10
way/316740724,Rua Isaac Markman,Ciclorrota,013,000,recife.csv,13
way/316740736,Rua Vinte e Um de Abril,Ciclorrota,002,000,recife.csv,2
way/316740738,Rua Vinte e Um de Abril,Ciclorrota,002,000,recife.csv,2
way/316740741,Rua Vinte e Um de Abril,Ciclorrota,002,000,recife.csv,2
way/316989359,Rua Senador Alberto Pasqualini,Ciclofaixa,203,000,recife.csv,203
way/316989360,Rua Senador Alberto Pasqualini,Ciclofaixa,203,000,recife.csv,203
way/317021043,Avenida Professor Luiz Freire,Ciclofaixa,297,296,recife.csv,297
way/317078451,Avenida do Forte,Ciclofaixa,005,000,recife.csv,5
way/317078459,Rua Doutor Miguel Vieira Ferreira,Ciclorrota,006,000,recife.csv,6
way/317078460,Rua Doutor Miguel Vieira Ferreira,Ciclorrota,006,000,recife.csv,6
way/317078463,Rua General Vargas,Ciclofaixa,294,295,recife.csv,294
way/317078468,Rua Lindolfo Color,Ciclofaixa,294,295,recife.csv,294
way/317078469,Rua Lindolfo Color,Ciclofaixa,294,295,recife.csv,294
way/317078470,Rua Lindolfo Color,Ciclorrota,006,000,recife.csv,6
way/317078471,Rua Mauricéia,Ciclofaixa,105,000,recife.csv,105
way/317181017,Rua Ministro João Alberto,Ciclofaixa,057,000,recife.csv,57
way/317189750,Rua Alegre,Ciclofaixa,304,305,recife.csv,304
way/317189755,Rua São Bento,Ciclofaixa,304,305,recife.csv,304
way/317208212,Rua Souza Bandeira,Ciclofaixa,023,000,recife.csv,23
way/317261156,Estrada do Arraial,Ciclofaixa,160,000,recife.csv,160
way/317261158,Estrada do Encanamento,Ciclofaixa,161,000,recife.csv,161
way/317261159,Estrada do Encanamento,Ciclofaixa,161,000,recife.csv,161
way/317261160,Estrada do Encanamento,Ciclofaixa,161,000,recife.csv,161
way/317261176,Rua Doutor Samuel Lins,Ciclorrota,287,000,recife.csv,287
way/317261179,Rua Ferreira Lopes,Ciclofaixa,199,000,recife.csv,199
way/317261194,Rua da Harmonia,Ciclofaixa,286,000,recife.csv,286
way/317313979,Avenida Sebastião Salazar,Ciclorrota,306,307,recife.csv,306
way/317314009,Rua Doutor Alberto Wanderley,Ciclofaixa,306,307,recife.csv,306
way/317314015,Avenida Cidade de Monteiro,Ciclofaixa,308,309,recife.csv,308
way/317402246,Rotatória do Açude de Apipucos,Ciclorrota,195,000,recife.csv,195
way/317402247,Rua Coronel João Batista do Rego Barros,Ciclofaixa,194,000,recife.csv,194
way/318003837,Avenida General San Martin,Ciclofaixa,203,000,recife.csv,203
way/318227908,Rua da Aurora,Ciclofaixa,001,000,recife.csv,1
way/318738696,Rua Carlos Gomes,Ciclofaixa,014,000,recife.csv,14
way/318869508,Avenida Afonso Olindense,Ciclorrota,302,303,recife.csv,302
way/318895501,Rua Couto Magalhães,Ciclorrota,356,000,recife.csv,356
way/318895503,Avenida Professor José dos Anjos,Ciclofaixa,159,000,recife.csv,159
way/318895504,Avenida Professor José dos Anjos,Ciclofaixa,159,000,recife.csv,159
way/319293361,Rua General Edson Amâncio Ramalho,Ciclofaixa,085,086,recife.csv,85
way/319293365,Avenida Pinheiros,Ciclofaixa,022,000,recife.csv,22
way/319318749,Ponte da Boa Vista,Ciclofaixa,168,000,recife.csv,168
way/319318752,Rua Nova,Calçada compartilhada,169,000,recife.csv,169
way/320212004,Rua Barão de São Borja,Ciclorrota,216,000,recife.csv,216
way/320212005,Rua Doutor Carlos Chagas,Ciclorrota,175,000,recife.csv,175
way/339199758,Avenida República Árabe Unida,Ciclofaixa,084,000,recife.csv,84
way/359667808,Avenida General Mac Artur,Ciclofaixa,037,000,recife.csv,37
way/367517837,Rua Benfica,Ciclofaixa,325,000,recife.csv,325
way/367517838,Rua Doutor José Mariano,Ciclorrota,219,000,recife.csv,219
way/367630237,Beco do Estudante,Calçada compartilhada,327,000,recife.csv,327
way/367994064,Rua Arquiteto Luíz Nunes,Ciclofaixa,020,000,recife.csv,20
way/367994067,Rua Engenheiro José Brandão Cavalcante,Ciclorrota,024,022,recife.csv,24
way/367994070,Rua Padre Carlos Leôncio,Ciclofaixa,026,208,recife.csv,26
way/368075236,Avenida Governador Agamenon Magalhães,Ciclofaixa,268,269,recife.csv,268
way/369013591,Avenida João de Barros,Ciclofaixa,175,000,recife.csv,175
way/369612034,Avenida Governador Agamenon Magalhães,Ciclofaixa,242,000,recife.csv,242
way/369613413,Avenida Agostinho Gomes,Ciclofaixa,365,000,recife.csv,365
way/371666445,Rua Padre Roma,Ciclofaixa,065,000,recife.csv,65
way/372986496,Rua Édson Alvares,Ciclorrota,288,000,recife.csv,288
way/374690787,Rua Paula Batista,Ciclofaixa,198,000,recife.csv,198
way/374896671,Rua Padre Roma,Ciclofaixa,116,000,recife.csv,116
way/374897775,Rua General Abreu e Lima,Ciclofaixa,358,000,recife.csv,358
way/375748427,Avenida Beira Rio,Ciclofaixa,046,044,recife.csv,46
way/377679152,Rua General Labatut,Ciclovia,379,000,recife.csv,379
way/378796328,Rua Vinte e Um de Abril,Ciclorrota,002,000,recife.csv,2
way/378796337,Avenida República Árabe Unida,Ciclofaixa,084,000,recife.csv,84
way/378796340,Rua José Veloso,Ciclorrota,013,000,recife.csv,13
way/378796343,Rua Comendador Franco Ferreira,Ciclorrota,002,000,recife.csv,2
way/378796344,Rua Visconde de Pelotas,Ciclofaixa,206,000,recife.csv,206
way/378952991,Estrada do Encanamento,Ciclofaixa,161,000,recife.csv,161
way/379236486,Rua Eugênio Samico,Ciclorrota,276,000,recife.csv,276
way/379437828,Rua do Bom Pastor,Ciclofaixa,103,000,recife.csv,103
way/379623676,Rua Mauricéia,Ciclofaixa,105,000,recife.csv,105
way/382147744,Avenida Professor José dos Anjos,Ciclofaixa,159,000,recife.csv,159
way/382147747,Avenida Professor José dos Anjos,Ciclofaixa,159,000,recife.csv,159
way/383928633,Rua Doutor João Vieira de Menezes,Ciclofaixa,281,000,recife.csv,281
way/394440710,Via Mangue - Pista Leste,Ciclovia,047,000,recife.csv,47
way/430125553,Rua Conceição de Macabu,Ciclofaixa,364,000,recife.csv,364
way/436084863,Rua da Soledade,Ciclofaixa,248,000,recife.csv,248
way/443276363,Rua Primeiro de Março,Ciclofaixa,170,000,recife.csv,170
way/443630585,Rua Quitério Inácio de Melo,Ciclofaixa,020,000,recife.csv,20
way/460423889,Rua Ministro João Alberto,Ciclofaixa,058,000,recife.csv,58
way/460423890,Avenida Historiador Jordão Emerenciano,Ciclofaixa,061,000,recife.csv,61
way/466701030,Via Mangue - Pista Leste,Ciclovia,047,000,recife.csv,47
way/466704803,Rua General Edson Amâncio Ramalho,Ciclofaixa,047,000,recife.csv,47
way/466704806,Rua Professor Arnaldo Carneiro Leao,Ciclofaixa,045,000,recife.csv,45
way/466704807,Rua Antônio Falcão,Ciclofaixa,037,000,recife.csv,37
way/475326170,Rotatória de Água Fria,Ciclorrota,304,305,recife.csv,304
way/475653479,Rua Coronel João Batista do Rego Barros,Ciclorrota,195,000,recife.csv,195
way/475657190,Rua Padre Lemos,Ciclofaixa,270,000,recife.csv,270
way/475660023,Rua Neto de Mendonça,Ciclofaixa,362,000,recife.csv,362
way/479255492,Rua Doutor Fernando Allain,Ciclofaixa,266,000,recife.csv,266
way/491692395,Avenida do Forte,Ciclofaixa,005,000,recife.csv,5
way/525727298,Travessa Doutor José Anastacio da Silva Guimarães,Ciclorrota,052,000,recife.csv,52
way/538392025,Rua Professor Estevão Francisco da Costa,Ciclofaixa,034,000,recife.csv,34
way/538805604,Rua Marquês de Maricá,Ciclofaixa,021,000,recife.csv,21
way/550526690,Avenida Central,Ciclofaixa,364,000,recife.csv,364
way/553605195,Rua Benfica,Ciclofaixa,325,000,recife.csv,325
way/559810681,Passarela da Estação Shopping,Calçada compartilhada,032,000,recife.csv,32
way/559810682,Passarela da Estação Shopping,Calçada compartilhada,032,000,recife.csv,32
way/559810683,Passarela da Estação Shopping,Calçada compartilhada,032,000,recife.csv,32
way/566179177,Rua Marquês do Paraná,Ciclofaixa,265,000,recife.csv,265
way/567786012,Ponte Joaquim Cardoso,Ciclovia,324,000,recife.csv,324
way/573648855,Rua Artur Lima Cavalcante,Ciclofaixa,240,000,recife.csv,240
way/573648860,Rua do Hospício,Ciclofaixa,166,000,recife.csv,166
way/574217818,Avenida Visconde de Jequitinhonha,Ciclofaixa,072,073,recife.csv,72
way/574217819,Avenida Armindo Moura,Ciclofaixa,070,000,recife.csv,70
way/579464185,Rua do Riachuelo,Ciclorrota,101,000,recife.csv,101
way/579464186,Rua do Hospício,Ciclofaixa,167,000,recife.csv,167
way/582585081,Rua Pedro Afonso,Ciclofaixa,281,000,recife.csv,281
way/585473147,Rua General Edson Amâncio Ramalho,Ciclofaixa,085,086,recife.csv,85
way/585473219,Rua Félix de Brito Melo,Ciclofaixa,043,000,recife.csv,43
way/585473222,Rua Félix de Brito Melo,Ciclofaixa,043,000,recife.csv,43
way/585473305,Rua Antônio Falcão,Ciclofaixa,037,000,recife.csv,37
way/589445951,Rua Professor Antônio Coelho,Ciclofaixa,055,000,recife.csv,55
way/596236969,Avenida José Américo de Almeida,Ciclofaixa,192,000,recife.csv,192
way/596236970,Avenida José Américo de Almeida,Ciclofaixa,192,000,recife.csv,192
way/596236971,Praça Zumbi dos Palmares,Ciclofaixa,192,000,recife.csv,192
way/596236973,Avenida José Américo de Almeida,Ciclofaixa,192,000,recife.csv,192
way/598232856,Avenida Desembargador Guerra Barreto,Ciclofaixa,366,000,recife.csv,366
way/607122239,Avenida Luiz de Lacerda,Ciclofaixa,061,000,recife.csv,61
way/607122243,Avenida Historiador Jordão Emerenciano,Ciclofaixa,059,000,recife.csv,59
way/607122248,Avenida Historiador Jordão Emerenciano,Ciclofaixa,059,000,recife.csv,59
way/607755761,Rua Castro Alves,Ciclorrota,254,000,recife.csv,254
way/607806640,Rua Castro Alves,Ciclorrota,254,000,recife.csv,254
way/609808989,Rua do Futuro,Ciclofaixa,050,063,recife.csv,50
way/609810648,Rua da Coragem,Ciclofaixa,241,000,recife.csv,241
way/616186914,Avenida General Mac Artur,Ciclofaixa,037,000,recife.csv,37
way/616186915,Avenida General Mac Artur,Ciclofaixa,037,000,recife.csv,37
way/616949864,Avenida Central,Ciclofaixa,364,000,recife.csv,364
way/616949867,Avenida Desembargador Guerra Barreto,Ciclovia,322,000,recife.csv,322
way/617216867,Rua Compositor Vinícius de Morais,Ciclovia,310,311,recife.csv,310
way/617216870,Rua Compositor Vinícius de Morais,Ciclovia,310,311,recife.csv,310
way/617661942,Ciclovia Norte,Ciclofaixa,346,000,recife.csv,346
way/624847913,Avenida Governador Agamenon Magalhães,Ciclovia,367,244,recife.csv,367
way/624878408,Rua Emiliano Braga,Ciclofaixa,056,000,recife.csv,56
way/624878409,Rua Professor Antônio Coelho,Ciclofaixa,055,000,recife.csv,55
way/624914191,Via Mangue - Pista Leste,Ciclovia,047,000,recife.csv,47
way/624914195,Via Mangue - Pista Leste,Ciclovia,047,000,recife.csv,47
way/624914196,Rua Antônio Falcão,Ciclofaixa,037,000,recife.csv,37
way/624914197,Rua Antônio Falcão,Ciclofaixa,037,000,recife.csv,37
way/624914219,Acesso ao bicicletário,Ciclovia,094,000,recife.csv,94
way/624914220,Acesso ao bicicletário,Ciclovia,094,000,recife.csv,94
way/624914221,Ciclovia Riomar,Ciclovia,094,000,recife.csv,94
way/624914222,Ciclovia Riomar,Ciclovia,094,000,recife.csv,94
way/624914223,Ciclovia Riomar,Ciclovia,094,000,recife.csv,94
way/624914224,Ciclovia Riomar,Ciclovia,094,000,recife.csv,94
way/624914225,Ciclovia Riomar,Ciclovia,094,000,recife.csv,94
way/624914227,Ciclovia Riomar,Ciclovia,094,000,recife.csv,94
way/624914228,Ciclovia Riomar,Ciclovia,094,000,recife.csv,94
way/624935364,Via Mangue - Pista Leste,Ciclovia,047,000,recife.csv,47
way/628277061,Rua Manoel Joaquim de Almeida,Ciclofaixa,107,000,recife.csv,107
way/628649584,Rua Ministro João Alberto,Ciclofaixa,057,000,recife.csv,57
way/628649586,Rua Ministro João Alberto,Ciclofaixa,057,000,recife.csv,57
way/628924111,Rua Emiliano Braga,Ciclofaixa,056,000,recife.csv,56
way/628924112,Rua Emiliano Braga,Ciclofaixa,056,000,recife.csv,56
way/636685320,Avenida Visconde de Jequitinhonha,Ciclofaixa,072,073,recife.csv,72
way/636685326,Rua Baltazar Passos,Ciclofaixa,072,073,recife.csv,72
way/636685329,Avenida Visconde de Jequitinhonha,Ciclorrota,081,082,recife.csv,81
way/637589775,Praça da República,Ciclofaixa,238,000,recife.csv,238
way/637589776,Praça da República,Ciclofaixa,238,000,recife.csv,238
way/637591719,Rua Doutor Miguel Vieira Ferreira,Ciclorrota,006,000,recife.csv,6
way/642397265,Rua Recanto do Rio,Ciclovia,379,000,recife.csv,379
way/645425614,Rua Marquês de Maricá,Ciclofaixa,021,000,recife.csv,21
way/645444384,Rua Lagoa do Rancho,Ciclorrota,036,000,recife.csv,36
way/645467520,Rua Doutor Leopoldo Lins,Ciclofaixa,250,000,recife.csv,250
way/646670257,Rua Castro Alves,Ciclofaixa,254,000,recife.csv,254
way/647111564,Rua General Edson Amâncio Ramalho,Ciclofaixa,085,000,recife.csv,85
way/647116507,Rua Treze de Junho,Ciclofaixa,356,000,recife.csv,356
way/647116510,Rua Salvador de Sá,Ciclofaixa,356,000,recife.csv,356
way/649747902,Rua Barros Barreto,Ciclorrota,279,000,recife.csv,279
way/649747903,Rua Barros Barreto,Ciclorrota,279,000,recife.csv,279
way/649757527,Rua Paris,Ciclofaixa,020,000,recife.csv,20
way/649776874,Travessa do Cais da Detenção,Ciclofaixa,235,000,recife.csv,235
way/649802742,Avenida Dom Hélder Câmara,Ciclofaixa,130,131,recife.csv,130
way/649802743,Avenida Dom Hélder Câmara,Ciclofaixa,130,131,recife.csv,130
way/650426492,Estrada do Bongi,Ciclofaixa,015,000,recife.csv,15
way/650850073,Rua Visconde de Pelotas,Ciclofaixa,206,000,recife.csv,206
way/650859657,Rua Monsenhor Fabrício,Ciclofaixa,051,000,recife.csv,51
way/650859658,Rua Doutor José Anastacio da Silva Guimarães,Ciclorrota,052,000,recife.csv,52
way/656029033,Rua Antônio Falcão,Ciclofaixa,037,000,recife.csv,37
way/656029034,Rua Antônio Falcão,Ciclofaixa,037,000,recife.csv,37
way/656104878,Rua da Coragem,Ciclofaixa,241,000,recife.csv,241
way/656105202,Rua Baltazar Passos,Ciclofaixa,072,073,recife.csv,72
way/656107800,Avenida Prefeito Lima Castro,Ciclofaixa,325,000,recife.csv,325
way/656122407,Avenida Poeta Vinicius de Morais,Ciclovia,157,000,recife.csv,157
way/656124041,Avenida Professor José dos Anjos,Ciclofaixa,158,000,recife.csv,158
way/656150546,Rua Souza Bandeira,Ciclofaixa,023,000,recife.csv,23
way/656301112,Rua Marechal Deodoro,Ciclofaixa,355,000,recife.csv,355
way/663265621,Rua Historiador Jordão Emerenciano,Ciclofaixa,060,000,recife.csv,60
way/666367120,Via Mangue - Pista Leste,Ciclovia,047,000,recife.csv,47
way/666367121,Via Mangue - Pista Leste,Ciclovia,047,000,recife.csv,47
way/683012039,Rua Pintor Antônio Albuquerque,Ciclorrota,122,123,recife.csv,122
way/683033001,Rua Mem de Sá,Ciclofaixa,346,000,recife.csv,346
way/683265615,Rua Tenente Aurélio Sampaio,Ciclorrota,066,067,recife.csv,66
way/683266336,Rua João Cardoso Aires,Ciclofaixa,074,076,recife.csv,74
way/683266337,Rua João Cardoso Aires,Ciclofaixa,074,076,recife.csv,74
way/683266704,Rua Baltazar Passos,Ciclorrota,066,067,recife.csv,66
way/686979459,Rua Potengy,Ciclofaixa,120,121,recife.csv,120
way/686979460,Rua Potengy,Ciclofaixa,120,121,recife.csv,120
way/700008077,Rua do Hospício,Ciclofaixa,167,000,recife.csv,167
way/700013815,Avenida Desembargador Guerra Barreto,Ciclovia,322,000,recife.csv,322
way/700750680,Ciclovia Camilo Simões,Ciclovia,367,000,recife.csv,367
way/704150020,Ciclovia Norte,Ciclovia,346,000,recife.csv,346
way/704218858,Rua Floriano Peixoto,Ciclofaixa,234,000,recife.csv,234
way/704220886,Rua dos Palmares,Ciclofaixa,174,000,recife.csv,174
way/704220887,Rua Doutor Carlos Chagas,Ciclorrota,175,000,recife.csv,175
way/706175628,Rua Manoel de Brito,Ciclofaixa,047,000,recife.csv,47
way/706175631,Avenida Desembargador Guerra Barreto,Ciclovia,323,000,recife.csv,323
way/706175632,Avenida Desembargador Guerra Barreto,Ciclovia,322,000,recife.csv,322
way/707023323,Avenida Professor Artur de Sá,Ciclofaixa,054,000,recife.csv,54
way/707023325,Avenida Professor Artur de Sá,Ciclofaixa,054,000,recife.csv,54
way/707953909,Avenida Afonso Olindense,Ciclofaixa,302,303,recife.csv,302
way/707953910,Avenida Afonso Olindense,Ciclofaixa,302,303,recife.csv,302
way/723906438,Avenida Professor José dos Anjos,Ciclofaixa,159,000,recife.csv,159
way/723906439,Avenida Professor José dos Anjos,Ciclofaixa,159,000,recife.csv,159
way/723919334,Rua Oscar de Barros,Ciclofaixa,274,275,recife.csv,274
way/723919335,Rua Oscar de Barros,Ciclofaixa,274,275,recife.csv,274
way/737670594,Ciclovia Norte,Ciclovia,346,000,recife.csv,346
way/750224855,Avenida Governador Agamenon Magalhães,Ciclofaixa,252,000,recife.csv,252
way/750224856,Rua Monte Castelo,Ciclofaixa,252,000,recife.csv,252
way/750454501,Túnel Chico Science,Ciclofaixa,320,000,recife.csv,320
way/752348375,Avenida Mário Álvares Pereira de Lyra,Ciclofaixa,108,000,recife.csv,108
way/753946881,Rua Mem de Sá,Ciclofaixa,346,000,recife.csv,346
way/753946882,Rua Mem de Sá,Ciclofaixa,346,000,recife.csv,346
way/753963895,Avenida Professor José dos Anjos,Ciclofaixa,159,000,recife.csv,159
way/753963896,Avenida Professor José dos Anjos,Ciclofaixa,159,000,recife.csv,159
way/753963898,Rotatória de Água Fria,Ciclorrota,304,305,recife.csv,304
way/754047612,Rua da Regeneração,Ciclofaixa,304,305,recife.csv,304
way/754276497,Avenida Montevidéu,Ciclofaixa,252,000,recife.csv,252
way/756239442,Rua Baltazar Passos,Ciclorrota,066,067,recife.csv,66
way/756239443,Rua Baltazar Passos,Ciclorrota,066,067,recife.csv,66
way/762356036,Rua Visconde de Pelotas,Ciclofaixa,206,000,recife.csv,206
way/762658740,Rua da Aurora,Ciclofaixa,094,000,recife.csv,94
way/762739492,Avenida Professor José dos Anjos,Ciclofaixa,141,000,recife.csv,141
way/762739493,Avenida Professor José dos Anjos,Ciclofaixa,158,000,recife.csv,158
way/762748532,Rua Carlos Gomes,Ciclofaixa,014,000,recife.csv,14
way/762748534,Estrada do Bongi,Ciclofaixa,015,000,recife.csv,15
way/762748535,Rua Isaac Markman,Ciclofaixa,017,000,recife.csv,17
way/762748536,Rua Pedro Américo,Ciclofaixa,016,000,recife.csv,16
way/762748537,Rua Cônsul Vilares Fragoso,Ciclorrota,013,000,recife.csv,13
way/762748538,Rua Arsênio Calaça,Ciclorrota,013,000,recife.csv,13
way/762748541,Rua Carlos Gomes,Ciclofaixa,014,000,recife.csv,14
way/762748542,Rua Carlos Gomes,Ciclofaixa,014,000,recife.csv,14
way/762748543,Rua Carlos Gomes,Ciclofaixa,014,000,recife.csv,14
way/762748799,Rua Tijucas,Ciclorrota,012,000,recife.csv,12
way/762753486,Avenida Maurício de Nassau,Ciclofaixa,051,000,recife.csv,51
way/762754345,Rua Comendador Franco Ferreira,Ciclorrota,202,000,recife.csv,202
way/762754347,Avenida General San Martin,Ciclofaixa,203,000,recife.csv,203
way/762754348,Rua Professor Silvio da Cunha Santos,Ciclofaixa,203,000,recife.csv,203
way/762760194,Rua General Edson Amâncio Ramalho,Ciclovia,047,000,recife.csv,47
way/762760196,Rua Manoel de Brito,Ciclofaixa,047,000,recife.csv,47
way/762760197,Rua Barão de São Ângelo,Ciclovia,047,000,recife.csv,47
way/762896712,Rua dos Palmares,Ciclofaixa,174,000,recife.csv,174
way/762896713,Ciclovia Graça Araújo,Ciclovia,096,174,recife.csv,96
way/762896714,Ciclovia Graça Araújo,Ciclovia,096,000,recife.csv,96
way/762906975,Avenida Governador Agamenon Magalhães,Ciclofaixa,242,000,recife.csv,242
way/762927577,Rua General Edson Amâncio Ramalho,Ciclorrota,087,000,recife.csv,87
way/762937129,Avenida Marechal Juarez Távora,Ciclofaixa,070,071,recife.csv,70
way/762937136,Rua João Cardoso Aires,Ciclorrota,066,067,recife.csv,66
way/762937137,Avenida Marechal Juarez Távora,Ciclofaixa,066,067,recife.csv,66
way/762937141,Avenida Lino Jordão,Ciclofaixa,068,069,recife.csv,68
way/762937142,Avenida Marechal Juarez Távora,Ciclofaixa,066,069,recife.csv,66
way/762937143,Pontilhão,Calçada compartilhada,074,075,recife.csv,74
way/762937144,Pontilhão,Calçada compartilhada,074,075,recife.csv,74
way/762937145,Pontilhão,Calçada compartilhada,074,075,recife.csv,74
way/762937146,Rua João Cardoso Aires,Ciclofaixa,074,075,recife.csv,74
way/762937147,Rua Setúbal,Ciclorrota,081,082,recife.csv,81
way/762943308,Avenida Visconde de Jequitinhonha,Ciclorrota,077,078,recife.csv,77
way/762943309,Rua Padre Cabral,Ciclorrota,079,080,recife.csv,79
way/762943310,Rua José Domingues da Silva,Ciclorrota,079,080,recife.csv,79
way/762953787,Rua Castro Alves,Ciclorrota,254,000,recife.csv,254
way/762960700,Avenida Afonso Olindense,Ciclofaixa,302,303,recife.csv,302
way/762960701,Avenida Afonso Olindense,Ciclofaixa,302,303,recife.csv,302
way/762960702,Rua João Francisco Lisboa,Ciclorrota,298,299,recife.csv,298
way/762960703,Rua Acadêmico Hélio Ramos,Ciclorrota,053,000,recife.csv,53
way/762960949,Rua Jornalista Trajano Chacon,Ciclorrota,212,000,recife.csv,212
way/762960950,Rua Frei Matias Tévis,Ciclorrota,212,000,recife.csv,212
way/762960953,Rua Frei Matias Tévis,Ciclorrota,212,000,recife.csv,212
way/762962423,Rua do Pombal,Ciclofaixa,260,000,recife.csv,260
way/762962425,Rua Tupinambás,Ciclorrota,280,000,recife.csv,280
way/762962426,Rua Treze de Maio,Ciclofaixa,314,259,recife.csv,314
way/762962428,Rua Treze de Maio,Ciclofaixa,314,259,recife.csv,314
way/762962429,Rua Pedro Afonso,Ciclofaixa,281,000,recife.csv,281
way/762962430,Rua Treze de Maio,Ciclofaixa,314,259,recife.csv,314
way/762962432,Rua Araripina,Ciclorrota,284,000,recife.csv,284
way/762962434,Rua Barros Barreto,Ciclorrota,279,000,recife.csv,279
way/762962435,Rua do Pombal,Ciclofaixa,261,000,recife.csv,261
way/763179811,Rua Treze de Maio,Ciclofaixa,314,259,recife.csv,314
way/763179812,Rua Treze de Maio,Ciclofaixa,314,259,recife.csv,314
way/763179814,Rua Marechal Hermes,Ciclorrota,318,000,recife.csv,318
way/763417898,Avenida Armindo Moura,Ciclofaixa,070,000,recife.csv,70
way/764025311,Rua Visconde de Jequitinhonha,Ciclofaixa,083,084,recife.csv,83
way/764026176,Rua Pedro Afonso,Ciclofaixa,281,000,recife.csv,281
way/764026177,Avenida Governador Agamenon Magalhães,Ciclofaixa,256,000,recife.csv,256
way/764026950,Avenida Vinte de Janeiro,Ciclorrota,066,067,recife.csv,66
way/764026952,Avenida Sul,Ciclorrota,066,067,recife.csv,66
way/766721304,Rua Alberto Paiva,Ciclofaixa,263,000,recife.csv,263
way/770273442,Avenida Cruz Cabugá,Ciclofaixa,165,000,recife.csv,165
way/770284442,Rua Araripina,Ciclorrota,284,000,recife.csv,284
way/770730306,Rua João Fernandes Vieira,Ciclofaixa,099,000,recife.csv,99
way/770730307,Avenida Montevidéu,Ciclofaixa,252,000,recife.csv,252
way/770730881,Rua Quitério Inácio de Melo,Ciclofaixa,020,000,recife.csv,20
way/771726149,Rua do Pombal,Ciclofaixa,261,000,recife.csv,261
way/772513097,Rua Alvares de Azevedo,Ciclorrota,250,000,recife.csv,250
way/773053326,Rua Doutor João Lacerda,Ciclofaixa,051,000,recife.csv,51
way/773570688,Avenida General Mac Artur,Ciclofaixa,037,000,recife.csv,37
way/773833908,Primeira Travessa Doutor Luiz Ramos Leal,Ciclovia,379,000,recife.csv,379
way/775973132,Avenida Sul,Ciclofaixa,035,000,recife.csv,35
way/775975304,Rua José de Alencar,Ciclofaixa,210,000,recife.csv,210
way/775975305,Rua José de Alencar,Ciclofaixa,210,000,recife.csv,210
way/776571549,Rua Dez de Novembro,Ciclofaixa,027,000,recife.csv,27
way/777105575,Rua São Nicolau,Ciclofaixa,126,127,recife.csv,126
way/777693660,Avenida Lino Jordão,Ciclofaixa,068,069,recife.csv,68
way/777734629,Rua Araripina,Ciclorrota,284,000,recife.csv,284
way/777786581,Rua Marquês de Maricá,Ciclofaixa,021,000,recife.csv,21
way/778025646,Avenida Brasília Formosa,Ciclofaixa,319,000,recife.csv,319
way/778169420,Avenida José Américo de Almeida,Ciclofaixa,193,000,recife.csv,193
way/778538501,Estrada do Barbalho,Ciclorrota,112,000,recife.csv,112
way/778574537,Avenida Agostinho Gomes,Ciclofaixa,365,000,recife.csv,365
way/778574539,Avenida Central,Ciclofaixa,365,000,recife.csv,365
way/778574541,Avenida Agostinho Gomes,Ciclofaixa,365,000,recife.csv,365
way/778604171,Rua Senador Alberto Pasqualini,Ciclofaixa,203,000,recife.csv,203
way/778854732,Rua Oscar de Barros,Ciclofaixa,274,275,recife.csv,274
way/783625758,Rua Oscar de Barros,Ciclofaixa,274,275,recife.csv,274
way/783884644,Rua Engenheiro José Brandão Cavalcante,Ciclofaixa,022,000,recife.csv,22
way/783884645,Rua Engenheiro José Brandão Cavalcante,Ciclofaixa,022,000,recife.csv,22
way/786325338,Avenida Nossa Senhora da Saúde,Ciclofaixa,062,000,recife.csv,62
way/786325340,Avenida Professor Estevão Francisco da Costa,Ciclofaixa,034,000,recife.csv,34
way/786325343,Rua Amélia,Ciclofaixa,019,000,recife.csv,19
way/792570583,Rua Santos Araújo,Ciclofaixa,206,000,recife.csv,206
way/797179314,Rua Acadêmico Hélio Ramos,Ciclorrota,053,000,recife.csv,53
way/797179315,Rua Acadêmico Hélio Ramos,Ciclorrota,053,000,recife.csv,53
way/800702292,Estrada do Bongi,Ciclofaixa,015,000,recife.csv,15
way/800856120,Rua Oscar de Barros,Ciclofaixa,275,275,recife.csv,275
way/801721895,Rua Cantora Clara Nunes,Ciclorrota,036,000,recife.csv,36
way/804453471,Ciclovia Norte,Ciclovia,346,000,recife.csv,346
way/815012800,Rua Ministro João Alberto,Ciclofaixa,060,000,recife.csv,60
way/815012801,Rua Ministro João Alberto,Ciclofaixa,060,000,recife.csv,60
way/815828031,Estrada do Arraial,Ciclofaixa,160,000,recife.csv,160
way/819252453,Rua Rio Beberibe,Ciclovia,310,311,recife.csv,310
way/821123750,Rua Conde de Irajá,Ciclofaixa,021,000,recife.csv,21
way/821123755,Avenida Luiz de Lacerda,Ciclofaixa,061,000,recife.csv,61
way/821123758,Rua Professor Antônio Coelho,Ciclofaixa,055,000,recife.csv,55
way/822370158,Rua Rio Beberibe,Ciclovia,310,311,recife.csv,310
way/823189908,Rua Márcia Mendes,Ciclovia,310,311,recife.csv,310
way/823189911,Avenida Marginal,Ciclovia,310,311,recife.csv,310
way/823189932,Rua Bacharel Severino Torres Galindo do Nascimento,Ciclovia,379,000,recife.csv,379
way/824376340,Rotatória de Água Fria,Ciclorrota,304,305,recife.csv,304
way/824376341,Rua Alegre,Ciclofaixa,304,305,recife.csv,304
way/824376343,Avenida Beberibe,Ciclorrota,304,305,recife.csv,304
way/831926429,Ciclovia Norte,Ciclovia,346,000,recife.csv,346
way/835830090,Ciclovia Norte,Ciclovia,346,000,recife.csv,346
way/836834959,Ciclovia Mimoso do Sul,Ciclovia,132,133,recife.csv,132
way/836834960,Via Mangue - Pista Leste,Ciclovia,047,000,recife.csv,47
way/836834963,Avenida Engenheiro Alves Souza,Ciclofaixa,025,000,recife.csv,25
way/836834964,Rua Arquiteto Luíz Nunes,Ciclofaixa,020,000,recife.csv,20
way/836834966,Avenida Júlio César,Ciclofaixa,134,135,recife.csv,134
way/836834968,Rua Três de Março,Ciclofaixa,059,000,recife.csv,59
way/836834971,Avenida Luiz de Lacerda,Ciclofaixa,060,000,recife.csv,60
way/836834977,Estrada Velha de Água Fria,Ciclofaixa,304,305,recife.csv,304
way/836834978,Avenida Beberibe,Ciclofaixa,304,305,recife.csv,304
way/836834979,Avenida Cidade de Monteiro,Ciclofaixa,308,309,recife.csv,308
way/836834980,Avenida Cidade de Monteiro,Ciclofaixa,308,309,recife.csv,308
way/836834981,Avenida Cidade de Monteiro,Ciclofaixa,308,309,recife.csv,308
way/836834982,Rua dos Craveiros,Ciclorrota,306,307,recife.csv,306
way/836834985,Estrada do Barbalho,Ciclorrota,112,000,recife.csv,112
way/836834986,Estrada do Barbalho,Ciclorrota,110,000,recife.csv,110
way/836834989,Avenida Visconde de Jequitinhonha,Ciclofaixa,077,078,recife.csv,77
way/837891475,Rua General Abreu e Lima,Ciclofaixa,358,000,recife.csv,358
way/837891476,Rua General Abreu e Lima,Ciclovia,358,000,recife.csv,358
way/839072086,Rua Coronel João Batista do Rego Barros,Ciclofaixa,194,000,recife.csv,194
way/839834724,Avenida Poeta Vinicius de Morais,Ciclovia,157,000,recife.csv,157
way/840752280,Rua General Abreu e Lima,Ciclovia,358,000,recife.csv,358
way/854786865,Rua Professor Joaquim Xavier de Brito,Ciclofaixa,007,000,recife.csv,7
way/854786867,Avenida Inácio Monteiro,Ciclofaixa,007,000,recife.csv,7
way/854786871,Avenida do Forte,Ciclofaixa,005,000,recife.csv,5
way/854786878,Rua Arquiteto Luíz Nunes,Ciclofaixa,020,000,recife.csv,20
way/854786881,Rua Arquiteto Luíz Nunes,Ciclofaixa,020,000,recife.csv,20
way/854786882,Avenida José Ferreira Lins,Ciclofaixa,026,208,recife.csv,26
way/854786887,Rua Blumenau,Ciclofaixa,120,121,recife.csv,120
way/854786891,Rua Jean Émile Favre,Ciclofaixa,020,000,recife.csv,20
way/854786900,Rua Arquiteto Luíz Nunes,Ciclofaixa,020,000,recife.csv,20
way/854786901,Avenida Engenheiro Alves Souza,Ciclofaixa,025,000,recife.csv,25
way/854786902,Rua Engenheiro José Brandão Cavalcante,Ciclofaixa,026,000,recife.csv,26
way/854994654,Rua Antônio Falcão,Ciclofaixa,037,000,recife.csv,37
way/857404848,Estrada das Ubaias,Ciclofaixa,197,000,recife.csv,197
way/857404849,Estrada do Arraial,Ciclofaixa,160,000,recife.csv,160
way/857404850,Estrada do Arraial,Ciclofaixa,160,000,recife.csv,160
way/857404860,Rua Padre Lemos,Ciclofaixa,270,000,recife.csv,270
way/863027564,Rua Manoel Brandão,Ciclorrota,306,307,recife.csv,306
way/863027570,Avenida Jornalista Possidonio Cavalcanti Bastos,Ciclofaixa,113,000,recife.csv,113
way/863027574,Avenida Agostinho Gomes,Ciclofaixa,366,000,recife.csv,366
way/863027576,Rua Jean Émile Favre,Ciclofaixa,020,000,recife.csv,20
way/864814848,Avenida Beira Rio,Ciclofaixa,321,000,recife.csv,321
way/887539981,Rua Padre Roma,Ciclofaixa,116,000,recife.csv,116
way/887542279,Rua Padre Roma,Ciclovia,177,000,recife.csv,177
way/901242723,Avenida Júlio César,Ciclofaixa,134,135,recife.csv,134
way/901242726,Avenida Júlio César,Ciclofaixa,134,135,recife.csv,134
way/911290359,Avenida Dom Hélder Câmara,Ciclofaixa,130,131,recife.csv,130
way/911290368,Rua São Nicolau,Ciclofaixa,126,127,recife.csv,126
way/911290373,Avenida Dom Hélder Câmara,Ciclofaixa,128,129,recife.csv,128
way/911290375,Rua Blumenau,Ciclofaixa,120,121,recife.csv,120
way/911290376,Rua Itaimbé,Ciclorrota,118,119,recife.csv,118
way/911290377,Rua Potengy,Ciclofaixa,120,121,recife.csv,120
way/911366369,Avenida General Mac Artur,Ciclofaixa,037,000,recife.csv,37
way/924065445,Rua Márcia Mendes,Ciclovia,310,311,recife.csv,310
way/927715993,Rua da Hora,Ciclofaixa,201,000,recife.csv,201
way/927715995,Rua Antônio Novais,Ciclorrota,264,000,recife.csv,264
way/927715996,Rua Alberto Paiva,Ciclofaixa,262,000,recife.csv,262
way/930355052,Avenida Brasília Formosa,Ciclofaixa,318,000,recife.csv,318
way/930355053,Avenida Brasília Formosa,Ciclofaixa,318,000,recife.csv,318
way/930653129,Ciclovia Orla de Boa Viagem,Ciclovia,317,000,recife.csv,317
way/930662176,Praça Pinto Damásio,Calçada compartilhada,300,301,recife.csv,300
way/930691563,Rua Antônio Falcão,Ciclorrota,040,000,recife.csv,40
way/930691564,Rua Antônio Falcão,Ciclofaixa,037,000,recife.csv,37
way/930691566,Rua Félix de Brito Melo,Ciclofaixa,043,000,recife.csv,43
way/930691567,Rua Félix de Brito Melo,Ciclorrota,043,000,recife.csv,43
way/930691568,Rua Félix de Brito Melo,Ciclofaixa,043,000,recife.csv,43
way/930790689,Rua Itaquicé,Ciclorrota,118,119,recife.csv,118
way/930790691,Rua Araraquara,Ciclorrota,118,119,recife.csv,118
way/930790692,Rua Araçatuba,Ciclorrota,118,119,recife.csv,118
way/930790693,Rua Itaquicé,Ciclorrota,118,119,recife.csv,118
way/930790695,Avenida Dom Hélder Câmara,Ciclovia,126,127,recife.csv,126
way/930790696,Avenida Dom Hélder Câmara,Calçada compartilhada,126,127,recife.csv,126
way/930790697,Avenida Dom Hélder Câmara,Ciclovia,128,129,recife.csv,128
way/930790699,Avenida Dom Hélder Câmara,Ciclovia,128,129,recife.csv,128
way/930790700,Avenida Dom Hélder Câmara,Ciclovia,128,129,recife.csv,128
way/930790701,Avenida Dom Hélder Câmara,Ciclofaixa,130,131,recife.csv,130
way/930791204,Rua Francisco da Cunha,Ciclofaixa,043,000,recife.csv,43
way/930798446,Avenida Cruza Cabugá,Ciclovia,164,000,recife.csv,164
way/930798447,Avenida Cruz Cabugá,Ciclovia,164,000,recife.csv,164
way/930798448,Avenida Cruz Cabugá,Ciclofaixa,165,000,recife.csv,165
way/930798449,Avenida Cruza Cabugá,Ciclovia,165,000,recife.csv,165
way/931095116,Avenida Afonso Olindense,Ciclofaixa,302,303,recife.csv,302
way/946076340,Rua Rio Beberibe,Ciclovia,310,311,recife.csv,310
way/964317400,Ponte da Boa Vista,Ciclovia,168,000,recife.csv,168
way/964317401,Ponte da Boa Vista,Ciclovia,168,000,recife.csv,168
way/964422137,Avenida Boa Viagem,Ciclovia,317,000,recife.csv,317
way/965719996,Rua de Casa Forte,Ciclorrota,290,000,recife.csv,290
way/965719997,Avenida Maurício de Nassau,Ciclofaixa,051,000,recife.csv,51
way/965739727,Rua Pedro Allain,Ciclorrota,271,000,recife.csv,271
way/965961339,Rua Albino Meira,Ciclofaixa,177,000,recife.csv,177
way/965984036,Rua Neto de Mendonça,Ciclofaixa,361,000,recife.csv,361
way/965986745,Rua Paula Batista,Ciclofaixa,197,000,recife.csv,197
way/966029958,Rua Couto Magalhães,Ciclofaixa,356,000,recife.csv,356
way/966034197,Rua Professor Estevão Francisco da Costa,Ciclofaixa,034,000,recife.csv,34
way/966034198,Rua Professor Estevão Francisco da Costa,Ciclofaixa,034,000,recife.csv,34
way/966034199,Rua Professor Estevão Francisco da Costa,Ciclofaixa,034,000,recife.csv,34
way/966166282,Praça Zumbi dos Palmares,Ciclofaixa,192,000,recife.csv,192
way/966166283,Praça Zumbi dos Palmares,Ciclofaixa,192,000,recife.csv,192
way/966166284,Praça Zumbi dos Palmares,Ciclofaixa,192,000,recife.csv,192
way/966213965,Rua Professor Estevão Francisco da Costa,Ciclofaixa,034,000,recife.csv,34
way/966217041,Rua Jean Émile Favre,Ciclofaixa,020,000,recife.csv,20
way/966241074,Rua Paris,Ciclofaixa,020,000,recife.csv,20
way/966248371,Rua Engenheiro José Brandão Cavalcante,Ciclofaixa,022,000,recife.csv,22
way/966514774,Rua Delmiro Gouveia,Ciclofaixa,002,003,recife.csv,2
way/966515387,Rua Padre Lemos,Ciclofaixa,270,000,recife.csv,270
way/966538453,Rua Coronel João Batista do Rego Barros,Ciclorrota,195,000,recife.csv,195
way/966538883,Rua Vinte e Um de Abril,Ciclorrota,002,000,recife.csv,2
way/966559757,Avenida Jornalista Possidonio Cavalcanti Bastos,Ciclofaixa,110,000,recife.csv,110
way/966560605,Avenida Jornalista Possidonio Cavalcanti Bastos,Ciclofaixa,110,000,recife.csv,110
way/966579273,Avenida Afonso Olindense,Ciclofaixa,302,303,recife.csv,302
way/966590765,Rua Cosmorama,Ciclofaixa,070,071,recife.csv,70
way/966590766,Rua João Cardoso Aires,Ciclofaixa,074,076,recife.csv,74
way/966593153,Rua Antônio Curado,Ciclofaixa,102,000,recife.csv,102
way/966787079,Rua Ambrósio Machado,Ciclofaixa,008,000,recife.csv,8
way/966787080,Rua Ambrósio Machado,Ciclofaixa,007,000,recife.csv,7
way/966787081,Rua Ambrósio Machado,Ciclofaixa,007,000,recife.csv,7
way/966787082,Rua Ambrósio Machado,Ciclofaixa,008,000,recife.csv,8
way/966798842,Avenida Professor Estevão Francisco da Costa,Ciclorrota,034,000,recife.csv,34
way/966802124,Avenida Cidade de Monteiro,Ciclofaixa,308,309,recife.csv,308
way/966804522,Rua Félix de Brito Melo,Ciclorrota,045,000,recife.csv,45
way/966827332,Rua Pintor Antônio Albuquerque,Ciclorrota,122,123,recife.csv,122
way/966827333,Rua Virgínia Heráclio,Ciclofaixa,124,125,recife.csv,124
way/966832034,Rua Quitério Inácio de Melo,Ciclofaixa,206,000,recife.csv,206
way/966838174,Rua Virgínia Heráclio,Ciclofaixa,124,125,recife.csv,124
way/967597448,Via Mangue - Pista Leste,Ciclovia,047,000,recife.csv,47
way/967597449,Via Mangue - Pista Leste,Ciclovia,047,000,recife.csv,47
way/967603906,Via Mangue - Pista Leste,Ciclovia,047,000,recife.csv,47
way/967603907,Via Mangue - Pista Leste,Ciclovia,047,000,recife.csv,47
way/967628956,Rua Floriano Peixoto,Ciclofaixa,234,000,recife.csv,234
way/967628957,Rua Floriano Peixoto,Ciclofaixa,234,000,recife.csv,234
way/967628958,Rua Floriano Peixoto,Ciclofaixa,234,000,recife.csv,234
way/967651400,Via Mangue - Pista Leste,Ciclovia,047,000,recife.csv,47
way/967666040,Avenida Beira Rio,Ciclofaixa,046,044,recife.csv,46
way/967666041,Avenida Beira Rio,Ciclofaixa,046,044,recife.csv,46
way/967668730,Praça Professor Campelo Barreto,Ciclofaixa,029,000,recife.csv,29
way/967668776,Rua Mem de Sá,Ciclofaixa,346,000,recife.csv,346
way/967909327,Avenida Sebastião Salazar,Ciclorrota,306,307,recife.csv,306
way/967934175,Rua Francisco Alves,Ciclofaixa,211,000,recife.csv,211
way/967938106,Rua Velha,Ciclofaixa,217,000,recife.csv,217
way/967939989,Rua Doutor José Mariano,Ciclofaixa,218,000,recife.csv,218
way/967962393,Rua Amélia,Ciclofaixa,019,000,recife.csv,19
way/967963850,Praça da República,Ciclofaixa,238,000,recife.csv,238
way/967972501,Rua Velha,Ciclorrota,216,000,recife.csv,216
way/967972504,Travessa do Cais da Detenção,Ciclofaixa,235,000,recife.csv,235
way/967978836,Rua Estado de Israel,Ciclorrota,212,000,recife.csv,212
way/967978957,Rua Visconde de Jequitinhonha,Ciclofaixa,083,084,recife.csv,83
way/967979023,Rua Antônio Gomes de Freitas,Ciclofaixa,213,000,recife.csv,213
way/967979024,Rua Antônio Gomes de Freitas,Ciclofaixa,213,000,recife.csv,213
way/967998463,Rua General Edson Amâncio Ramalho,Ciclovia,047,000,recife.csv,47
way/968239742,Rua do Hospício,Ciclofaixa,166,000,recife.csv,166
way/968283969,Rua Othon Paraíso,Ciclofaixa,349,000,recife.csv,349
way/968284171,Avenida Doutor Jayme da Fonte,Ciclofaixa,240,000,recife.csv,240
way/968292794,Rua Marquês de Maricá,Ciclofaixa,021,000,recife.csv,21
way/968292795,Rua Marquês de Maricá,Ciclofaixa,021,000,recife.csv,21
way/968292796,Rua Marquês de Maricá,Ciclofaixa,021,000,recife.csv,21
way/968292797,Rua Marquês de Maricá,Ciclofaixa,021,000,recife.csv,21
way/968292798,Rua Marquês de Maricá,Ciclofaixa,021,000,recife.csv,21
way/968293261,Avenida Visconde de Jequitinhonha,Ciclofaixa,077,078,recife.csv,77
way/968293262,Avenida Visconde de Jequitinhonha,Ciclofaixa,077,078,recife.csv,77
way/968299893,Rua José de Alencar,Ciclofaixa,210,000,recife.csv,210
way/968315531,Avenida Beira Rio,Ciclofaixa,321,000,recife.csv,321
way/968501095,Rua Frei Matias Tévis,Ciclorrota,212,000,recife.csv,212
way/968520978,Avenida Inácio Monteiro,Ciclofaixa,009,000,recife.csv,9
way/968523622,Avenida Nossa Senhora da Saúde,Ciclofaixa,062,000,recife.csv,62
way/968554681,Avenida Professor Artur de Sá,Ciclofaixa,054,000,recife.csv,54
way/968554682,Avenida Professor Artur de Sá,Ciclofaixa,054,000,recife.csv,54
way/968554683,Avenida Professor Artur de Sá,Ciclofaixa,054,000,recife.csv,54
way/968554685,Avenida Professor Artur de Sá,Ciclofaixa,054,000,recife.csv,54
way/968554686,Avenida Professor Artur de Sá,Ciclofaixa,054,000,recife.csv,54
way/968554687,Avenida Professor Artur de Sá,Ciclofaixa,054,000,recife.csv,54
way/968556419,Avenida Professor Artur de Sá,Ciclofaixa,054,000,recife.csv,54
way/968562321,Avenida Afonso Olindense,Ciclofaixa,302,303,recife.csv,302
way/968562323,Avenida Afonso Olindense,Ciclofaixa,302,303,recife.csv,302
way/968562324,Avenida Afonso Olindense,Ciclofaixa,302,303,recife.csv,302
way/968562325,Avenida Afonso Olindense,Ciclofaixa,302,303,recife.csv,302
way/968562327,Avenida Afonso Olindense,Ciclofaixa,302,303,recife.csv,302
way/968562328,Avenida Afonso Olindense,Ciclofaixa,302,303,recife.csv,302
way/968562329,Avenida Afonso Olindense,Ciclofaixa,302,303,recife.csv,302
way/968571143,Rua Gomes Taborda,Ciclorrota,010,000,recife.csv,10
way/968571144,Rua Gomes Taborda,Ciclorrota,010,000,recife.csv,10
way/968571145,Rua Gomes Taborda,Ciclorrota,010,000,recife.csv,10
way/968571147,Rua Gomes Taborda,Ciclorrota,010,000,recife.csv,10
way/968571148,Rua Gomes Taborda,Ciclorrota,010,000,recife.csv,10
way/968571149,Rua Gomes Taborda,Ciclorrota,010,000,recife.csv,10
way/968625619,Avenida Marechal Juarez Távora,Ciclofaixa,070,071,recife.csv,70
way/968629855,Avenida Marechal Juarez Távora,Ciclofaixa,068,069,recife.csv,68
way/968629856,Avenida Marechal Juarez Távora,Ciclofaixa,068,069,recife.csv,68
way/968629857,Avenida Marechal Juarez Távora,Ciclofaixa,068,069,recife.csv,68
way/969857667,Avenida Governador Agamenon Magalhães,Ciclofaixa,268,269,recife.csv,268
way/974655063,Rua do Futuro,Ciclofaixa,050,063,recife.csv,50
way/974688525,Rua Marquês de Baipendi,Ciclofaixa,346,000,recife.csv,346
way/974688527,Rua Fonseca Oliveira,Ciclofaixa,345,000,recife.csv,345
way/974688528,Rua Carlos Fernandes,Ciclorrota,245,000,recife.csv,245
way/992933130,Ciclovia Orla de Boa Viagem,Ciclovia,317,000,recife.csv,317
way/995660015,Rua Treze de Maio,Ciclofaixa,314,259,recife.csv,314
way/995660016,Rua Treze de Maio,Ciclofaixa,314,259,recife.csv,314
way/995660017,Rua Treze de Maio,Ciclofaixa,314,259,recife.csv,314
way/999748445,Rua Cosmorama,Ciclofaixa,070,071,recife.csv,70
way/1002053167,Rua Vinte e Um de Abril,Ciclorrota,002,000,recife.csv,2
way/1009012070,Rua Bruno Veloso,Calçada compartilhada,090,091,recife.csv,90
way/1009012071,Rua Bruno Veloso,Calçada compartilhada,090,091,recife.csv,90
way/1009012073,Rua Bruno Veloso,Ciclovia,088,089,recife.csv,88
way/1009012074,Rua Bruno Veloso,Calçada compartilhada,088,089,recife.csv,88
way/1009012080,Rua Bruno Veloso,Ciclovia,090,091,recife.csv,90
way/1009393795,Avenida Central,Ciclofaixa,364,000,recife.csv,364
way/1010825399,Rua do Futuro,Ciclofaixa,050,000,recife.csv,50
way/1010830123,Ciclovia Graça Araújo,Ciclovia,096,000,recife.csv,96
way/1013775892,Rua do Riachuelo,Ciclovia,101,000,recife.csv,101
way/1014648478,Rua Conselheiro Teodoro,Ciclofaixa,029,000,recife.csv,29
way/1016257109,Rua Bruno Veloso,Calçada compartilhada,090,091,recife.csv,90
way/1016647975,Rua Nunes Machado,Ciclovia,248,000,recife.csv,248
way/1016647976,Rua Nunes Machado,Ciclofaixa,248,000,recife.csv,248
way/1016647977,Rua Nunes Machado,Ciclovia,248,000,recife.csv,248
way/1020109932,Avenida Historiador Jordão Emerenciano,Ciclofaixa,059,000,recife.csv,59
way/1020545062,Rua Fernandes Vieira,Ciclovia,249,000,recife.csv,249
way/1082321800,Rua Emiliano Braga,Ciclofaixa,106,000,recife.csv,106
way/1104325389,Ciclovia Orla de Boa Viagem,Ciclovia,317,000,recife.csv,317
way/1104325401,Ciclovia Orla de Boa Viagem,Ciclovia,317,000,recife.csv,317
way/1104338043,Ciclovia Orla de Boa Viagem,Ciclovia,317,000,recife.csv,317
way/1104338060,Ciclovia Orla de Boa Viagem,Ciclovia,317,000,recife.csv,317
way/1104340515,Ciclovia Orla de Boa Viagem,Ciclovia,317,000,recife.csv,317
way/1104353872,Ciclovia Orla de Boa Viagem,Ciclovia,317,000,recife.csv,317
way/1104390571,Ciclovia Orla de Boa Viagem,Ciclovia,317,000,recife.csv,317
way/1104409708,Ciclovia Orla de Boa Viagem,Ciclovia,317,000,recife.csv,317
way/1104411712,Ciclovia Orla de Boa Viagem,Ciclovia,317,000,recife.csv,317
way/1104411717,Ciclovia Orla de Boa Viagem,Ciclovia,317,000,recife.csv,317
way/1104412346,Ciclovia Orla de Boa Viagem,Ciclovia,317,000,recife.csv,317
way/1104412348,Ciclovia Orla de Boa Viagem,Ciclovia,317,000,recife.csv,317
way/1104412356,Ciclovia Orla de Boa Viagem,Ciclovia,317,000,recife.csv,317
way/1104412359,Ciclovia Orla de Boa Viagem,Ciclovia,317,000,recife.csv,317
way/1104412801,Ciclovia Orla de Boa Viagem,Ciclovia,317,000,recife.csv,317
way/1104412804,Ciclovia Orla de Boa Viagem,Ciclovia,317,000,recife.csv,317
way/1104422380,Ciclovia Orla de Boa Viagem,Ciclovia,317,000,recife.csv,317
way/1104422383,Ciclovia Orla de Boa Viagem,Ciclovia,317,000,recife.csv,317
way/1104422881,Ciclovia Orla de Boa Viagem,Ciclovia,317,000,recife.csv,317
way/1104422886,Ciclovia Orla de Boa Viagem,Ciclovia,317,000,recife.csv,317
way/1104422889,Ciclovia Orla de Boa Viagem,Ciclovia,317,000,recife.csv,317
way/1104424202,Ciclovia Orla de Boa Viagem,Ciclovia,317,000,recife.csv,317
way/1104430122,Ciclovia Orla de Boa Viagem,Ciclovia,317,000,recife.csv,317
way/1104436063,Ciclovia Orla de Boa Viagem,Ciclovia,317,000,recife.csv,317
way/1104436067,Ciclovia Orla de Boa Viagem,Ciclovia,317,000,recife.csv,317
way/1104436070,Avenida Boa Viagem,Ciclovia,317,000,recife.csv,317
way/1107369082,Praça Melvin Jones,Ciclovia,115,000,recife.csv,115
way/1107370514,Rua Padre Roma,Ciclofaixa,116,000,recife.csv,116
way/1107376174,Rua Padre Roma,Ciclovia,115,000,recife.csv,115
way/1107376435,Rua Padre Roma,Calçada compartilhada,115,000,recife.csv,115
way/1107378197,Rua Padre Roma,Ciclofaixa,065,000,recife.csv,65
way/1107393163,Ciclovia Riomar,Ciclofaixa,084,000,recife.csv,84
way/1107393616,Ciclovia Riomar,Calçada compartilhada,084,000,recife.csv,84
way/1107397317,Rua Pio IX,Ciclorrota,038,000,recife.csv,38
way/1107455490,Avenida Norte,Ciclofaixa,194,000,recife.csv,194
way/1107522779,Rua Primeiro de Março,Calçada compartilhada,169,000,recife.csv,169
way/1107857914,Rua Itanagé,Ciclofaixa,120,121,recife.csv,120
way/1107857915,Rua Potengy,Ciclofaixa,120,121,recife.csv,120
way/1109759338,Rua Rio Beberibe,Ciclovia,310,311,recife.csv,310
way/1128460193,Parque das Graças Lúcia Moura,Calçada compartilhada,018,000,recife.csv,18
way/1174030251,Rua do Riachuelo,Ciclovia,172,000,recife.csv,172
way/1175625343,Rua Paissandú,Ciclorrota,215,000,recife.csv,215
way/1175632578,Rua da Aurora,Ciclofaixa,094,000,recife.csv,94
way/1175632580,Rua da Aurora,Ciclovia,098,000,recife.csv,98
way/1176343943,Avenida Governador Agamenon Magalhães,Calçada compartilhada,268,269,recife.csv,268
way/1177251511,Rua Ibiporã,Ciclovia,363,000,recife.csv,363
way/1177251512,Rua Ibiporã,Ciclorrota,364,000,recife.csv,364
way/1179879262,Avenida Beira Rio,Ciclofaixa,322,000,recife.csv,322
way/1183970372,Ciclovia Norte,Ciclovia,346,000,recife.csv,346
way/1184004956,Avenida Sul,Ciclofaixa,035,000,recife.csv,35
way/1184004957,Avenida Sul,Ciclofaixa,030,000,recife.csv,30
way/1184005002,Avenida Senador Robert Kennedy,Ciclorrota,028,000,recife.csv,28
way/1184099726,Rua Vinte e Um de Abril,Ciclorrota,002,000,recife.csv,2
way/1189266169,Rua do Futuro,Ciclofaixa,063,063,recife.csv,63
way/1200830889,Estrada das Ubaias,Ciclofaixa,197,000,recife.csv,197
way/1200830890,Rua Doutor Samuel Lins,Ciclorrota,287,000,recife.csv,287
way/1216298883,Rua Paula Batista,Ciclofaixa,198,000,recife.csv,198
way/1216298884,Rua Eugênio Samico,Ciclorrota,276,000,recife.csv,276
way/1234964959,Ciclovia Agamenon Magalhães,Ciclovia,162,139,recife.csv,162
way/1234964960,Ciclovia Agamenon Magalhães,Ciclovia,163,140,recife.csv,163
way/1234964961,Ciclovia Agamenon Magalhães,Calçada compartilhada,136,138,recife.csv,136
way/1238509972,Avenida Professor José dos Anjos,Ciclofaixa,158,000,recife.csv,158
way/1273806782,Rua Bruno Veloso,Calçada compartilhada,090,091,recife.csv,90
way/1283298543,Ciclovia de Joana Bezerra,Ciclovia,324,000,recife.csv,324
way/1283298544,Avenida Desembargador Guerra Barreto,Ciclovia,323,000,recife.csv,323
way/1234964961,Ciclovia Agamenon Magalhães,Calçada compartilhada,136,137,recife.csv,136
way/282837006,Ciclovia da Arena de Pernambuco,Ciclovia,148,000,slm.csv,148
way/282936767,Ciclovia da Arena de Pernambuco,Ciclovia,153,154,slm.csv,153
way/589707777,Ciclofaixa Arena,Ciclovia,148,000,slm.csv,148
way/589707779,Ciclofaixa Arena,Ciclovia,153,154,slm.csv,153
way/589707780,Ciclovia da Arena de Pernambuco,Ciclovia,153,154,slm.csv,153
way/589707781,Ciclovia da Arena de Pernambuco,Ciclovia,153,154,slm.csv,153
way/594785994,Avenida Deus é Fiel,Ciclofaixa,147,000,slm.csv,147
way/616816021,Ciclovia da Arena de Pernambuco,Ciclovia,153,154,slm.csv,153
way/706191508,Ciclovia da Arena de Pernambuco,Ciclovia,153,154,slm.csv,153
way/706191509,Ciclovia da Arena de Pernambuco,Ciclovia,153,154,slm.csv,153
way/706191511,Ciclovia da Arena de Pernambuco,Ciclovia,153,154,slm.csv,153
way/706191512,Ciclovia da Arena de Pernambuco,Ciclovia,153,154,slm.csv,153
way/757433306,Residencial São Lourenço,Ciclofaixa,155,156,slm.csv,155
way/759372754,Residencial São Lourenço,Ciclofaixa,155,156,slm.csv,155
way/1011556075,Residencial São Lourenço,Ciclofaixa,155,156,slm.csv,155
Avenida Agamenon Magalhães - Pista Local,,,,,,
Avenida Agamenon Magalhães - Pista Local,,,,,,
Avenida Agamenon Magalhães - Pista Local,,,,,,
Avenida Agamenon Magalhães-Pista Local,,,,,,
Avenida da Saudade,,,,,,
Avenida Deus é Fiel,,,,,,
Avenida Deus é Fiel,,,,,,
Avenida Doutor Jayme da Fonte,,,,,,
Avenida Engenheiro Abdias de Carvalho - Pista Lateral,,,,,,
Avenida Engenheiro Abdias de Carvalho - Pista Lateral,,,,,,
Avenida Governador Agamenon Magalhães,,,,,,
Avenida Governador Agamenon Magalhães,,,,,,
Avenida Governador Agamenon Magalhães,,,,,,
Avenida Governador Agamenon Magalhães,,,,,,
Avenida Governador Agamenon Magalhães,,,,,,
Avenida Governador Agamenon Magalhães,,,,,,
Avenida João de Barros,,,,,,
Avenida João de Barros,,,,,,
Avenida João de Barros,,,,,,
Avenida Manoel Gonçalves da Luz,,,,,,
Avenida Manoel Gonçalves da Luz,,,,,,
Avenida Manoel Gonçalves da Luz,,,,,,
Avenida Norte Miguel Arraes de Alencar,,,,,,
Avenida Professor José dos Anjos,,,,,,
Avenida Professor José dos Anjos,,,,,,
Avenida Professor José dos Anjos,,,,,,
Avenida Professor José dos Anjos,,,,,,
Avenida Professor José dos Anjos,,,,,,
Avenida Professor José dos Anjos,,,,,,
Avenida Professor José dos Anjos,,,,,,
Avenida Professor José dos Anjos,,,,,,
Avenida Professor José dos Anjos,,,,,,
Avenida Professor José dos Anjos,,,,,,
Avenida Professor José dos Anjos,,,,,,
Avenida Professor José dos Anjos,,,,,,
Avenida Santos Dumont,,,,,,
Avenida Santos Dumont,,,,,,
Avenida Santos Dumont,,,,,,
Avenida Santos Dumont,,,,,,
Avenida Santos Dumont,,,,,,
Ciclovia Agamenon Magalhães,,,,,,
Ciclovia da Arena de Pernambuco,,,,,,
Ciclovia do Pier do Ciclista,,,,,,
Ciclovia Entre Pontes,,,,,,
Ciclovia Norte,,,,,,
Ponte Conde Maurício de Nassau,,,,,,
Ponte Conde Maurício de Nassau,,,,,,
Ponte Conde Maurício de Nassau,,,,,,
Ponte da Torre,,,,,,
Ponte da Torre,,,,,,
Ponte Princesa Isabel,,,,,,
Ponte Princesa Isabel,,,,,,
Pontilhão do Canal do Arruda,,,,,,
Praça do Baobá da Encruzilhada,,,,,,
Praça do Baobá da Encruzilhada,,,,,,
Praça Treze de Junho,,,,,,
Ramal Arena Pernambuco,,,,,,
Ramal da Copa,,,,,,
Ramal da Copa,,,,,,
Ramal da Copa,,,,,,
Rua Alberto Paiva,,,,,,
Rua Alberto Paiva,,,,,,
Rua Alberto Paiva,,,,,,
Rua Amaro Coutinho,,,,,,
Rua Amaro Coutinho,,,,,,
Rua Amaro Coutinho,,,,,,
Rua Antônio Valdevino da Costa,,,,,,
Rua Antônio Valdevino da Costa,,,,,,
Rua Barão de Igarassu,,,,,,
Rua Barão de São Borja,,,,,,
Rua Barão de São Borja,,,,,,
Rua Buarque de Macedo,,,,,,
Rua Buenos Aires,,,,,,
Rua Carlos Alberto Valença,,,,,,
Rua Coelho Leite,,,,,,
Rua Coelho Leite,,,,,,
Rua Coelho Leite,,,,,,
Rua da Aurora,,,,,,
Rua da Matriz,,,,,,
Rua do Aragão,,,,,,
Rua do Aragão,,,,,,
Rua dos Coelhos,,,,,,
Rua Doutor Leopoldo Lins,,,,,,
Rua Elvira Carreira de Oliveira,,,,,,
Rua Elvira Carreira de Oliveira,,,,,,
Rua Engenheiro Brandão Cavalcante,,,,,,
Rua Engenheiro José Brandão Cavalcante,,,,,,
Rua Engenheiro José Estelita,,,,,,
Rua Itacari,,,,,,
Rua Itacari,,,,,,
Rua Jean Émile Favre,,,,,,
Rua Jean Émile Favre,,,,,,
Rua Jerônimo Vilela,,,,,,
Rua Jerônimo Vilela,,,,,,
Rua João Crescêncio,,,,,,
Rua João Crescêncio,,,,,,
Rua José Alexandre Caçador,,,,,,
Rua José Alexandre Caçador,,,,,,
Rua José Alexandre Caçador,,,,,,
Rua Leão Falcão,,,,,,
Rua Leão Falcão,,,,,,
Rua Marquês de Abrantes,,,,,,
Rua Marquês de Abrantes,,,,,,
Rua Marquês de Abrantes,,,,,,
Rua Prefeito Jorge Martins,,,,,,
Rua Rosário da Boa Vista,,,,,,
Rua Sebastião Alves,,,,,,
Rua Sebastião Alves,,,,,,
Rua Senador José Henrique,,,,,,